sample_id	filename	file_type	size	file_ome	open_access
MOHD_EA100001	MOHD_EA100001_R1.fastq.gz	Sequenced reads	1428076625	ATAC_SEQ	False
MOHD_EA100001	MOHD_EA100001_filtered_GRCh38_v0.bam	Aligned reads	2802466160	ATAC_SEQ	False
MOHD_EA100001	MOHD_EA100001_R2.fastq.gz	Sequenced reads	1471026298	ATAC_SEQ	False
MOHD_EA100001	MOHD_EA100001_signal-pvalue_GRCh38_v0.bigWig	p-value signal	495882076	ATAC_SEQ	True
MOHD_EA100001	MOHD_EA100001_unfiltered_GRCh38_v0.bam	Aligned reads	4595615006	ATAC_SEQ	False
MOHD_EA100001	MOHD_EA100001_peaks-FDR5_GRCh38_v0.bed.gz	FDR 0.05 peaks	1604321	ATAC_SEQ	True
MOHD_EA100001	MOHD_EA100001_peaks-pseudorep_GRCh38_v0.bed.gz	Pseudorep peaks	905390	ATAC_SEQ	True
MOHD_EA100001	MOHD_EA100001_signal-FC_GRCh38_v0.bigWig	Fold change signal	641382481	ATAC_SEQ	True
MOHD_EA100002	MOHD_EA100002_peaks-pseudorep_GRCh38_v0.bed.gz	Pseudorep peaks	1205862	ATAC_SEQ	True
MOHD_EA100002	MOHD_EA100002_peaks-FDR5_GRCh38_v0.bed.gz	FDR 0.05 peaks	2799697	ATAC_SEQ	True
MOHD_EA100002	MOHD_EA100002_signal-FC_GRCh38_v0.bigWig	Fold change signal	847396208	ATAC_SEQ	True
MOHD_EA100002	MOHD_EA100002_R2.fastq.gz	Sequenced reads	1868310773	ATAC_SEQ	False
MOHD_EA100002	MOHD_EA100002_unfiltered_GRCh38_v0.bam	Aligned reads	6152540651	ATAC_SEQ	False
MOHD_EA100002	MOHD_EA100002_signal-pvalue_GRCh38_v0.bigWig	p-value signal	631190323	ATAC_SEQ	True
MOHD_EA100002	MOHD_EA100002_filtered_GRCh38_v0.bam	Aligned reads	3478923509	ATAC_SEQ	False
MOHD_EA100002	MOHD_EA100002_R1.fastq.gz	Sequenced reads	1889785610	ATAC_SEQ	False
MOHD_EA100003	MOHD_EA100003_signal-pvalue_GRCh38_v0.bigWig	p-value signal	560411443	ATAC_SEQ	True
MOHD_EA100003	MOHD_EA100003_R1.fastq.gz	Sequenced reads	1599875317	ATAC_SEQ	False
MOHD_EA100003	MOHD_EA100003_unfiltered_GRCh38_v0.bam	Aligned reads	5239860101	ATAC_SEQ	False
MOHD_EA100003	MOHD_EA100003_R2.fastq.gz	Sequenced reads	1642824990	ATAC_SEQ	False
MOHD_EA100003	MOHD_EA100003_filtered_GRCh38_v0.bam	Aligned reads	3124588707	ATAC_SEQ	False
MOHD_EA100003	MOHD_EA100003_peaks-FDR5_GRCh38_v0.bed.gz	FDR 0.05 peaks	1153433	ATAC_SEQ	True
MOHD_EA100003	MOHD_EA100003_signal-FC_GRCh38_v0.bigWig	Fold change signal	741584404	ATAC_SEQ	True
MOHD_EA100003	MOHD_EA100003_peaks-pseudorep_GRCh38_v0.bed.gz	Pseudorep peaks	510095	ATAC_SEQ	True
MOHD_EA100004	MOHD_EA100004_signal-pvalue_GRCh38_v0.bigWig	p-value signal	606286643	ATAC_SEQ	True
MOHD_EA100004	MOHD_EA100004_peaks-FDR5_GRCh38_v0.bed.gz	FDR 0.05 peaks	2023751	ATAC_SEQ	True
MOHD_EA100004	MOHD_EA100004_R2.fastq.gz	Sequenced reads	1782411427	ATAC_SEQ	False
MOHD_EA100004	MOHD_EA100004_filtered_GRCh38_v0.bam	Aligned reads	3307124817	ATAC_SEQ	False
MOHD_EA100004	MOHD_EA100004_R1.fastq.gz	Sequenced reads	1707249500	ATAC_SEQ	False
MOHD_EA100004	MOHD_EA100004_signal-FC_GRCh38_v0.bigWig	Fold change signal	804383621	ATAC_SEQ	True
MOHD_EA100004	MOHD_EA100004_unfiltered_GRCh38_v0.bam	Aligned reads	5658619412	ATAC_SEQ	False
MOHD_EA100004	MOHD_EA100004_peaks-pseudorep_GRCh38_v0.bed.gz	Pseudorep peaks	818176	ATAC_SEQ	True
MOHD_EA100005	MOHD_EA100005_signal-pvalue_GRCh38_v0.bigWig	p-value signal	590914519	ATAC_SEQ	True
MOHD_EA100005	MOHD_EA100005_peaks-pseudorep_GRCh38_v0.bed.gz	Pseudorep peaks	1457520	ATAC_SEQ	True
MOHD_EA100005	MOHD_EA100005_filtered_GRCh38_v0.bam	Aligned reads	3564822855	ATAC_SEQ	False
MOHD_EA100005	MOHD_EA100005_unfiltered_GRCh38_v0.bam	Aligned reads	6463925780	ATAC_SEQ	False
MOHD_EA100005	MOHD_EA100005_signal-FC_GRCh38_v0.bigWig	Fold change signal	806942146	ATAC_SEQ	True
MOHD_EA100005	MOHD_EA100005_R1.fastq.gz	Sequenced reads	1975684956	ATAC_SEQ	False
MOHD_EA100005	MOHD_EA100005_peaks-FDR5_GRCh38_v0.bed.gz	FDR 0.05 peaks	2705326	ATAC_SEQ	True
MOHD_EA100005	MOHD_EA100005_R2.fastq.gz	Sequenced reads	2104533975	ATAC_SEQ	False
MOHD_EA100006	MOHD_EA100006_R2.fastq.gz	Sequenced reads	1578400481	ATAC_SEQ	False
MOHD_EA100006	MOHD_EA100006_R1.fastq.gz	Sequenced reads	1481763717	ATAC_SEQ	False
MOHD_EA100006	MOHD_EA100006_peaks-pseudorep_GRCh38_v0.bed.gz	Pseudorep peaks	719974	ATAC_SEQ	True
MOHD_EA100006	MOHD_EA100006_peaks-FDR5_GRCh38_v0.bed.gz	FDR 0.05 peaks	1258291	ATAC_SEQ	True
MOHD_EA100006	MOHD_EA100006_signal-FC_GRCh38_v0.bigWig	Fold change signal	550481428	ATAC_SEQ	True
MOHD_EA100006	MOHD_EA100006_signal-pvalue_GRCh38_v0.bigWig	p-value signal	467633438	ATAC_SEQ	True
MOHD_EA100006	MOHD_EA100006_filtered_GRCh38_v0.bam	Aligned reads	2501818449	ATAC_SEQ	False
MOHD_EA100006	MOHD_EA100006_unfiltered_GRCh38_v0.bam	Aligned reads	4617089843	ATAC_SEQ	False
MOHD_EA100007	MOHD_EA100007_signal-FC_GRCh38_v0.bigWig	Fold change signal	715432919	ATAC_SEQ	True
MOHD_EA100007	MOHD_EA100007_signal-pvalue_GRCh38_v0.bigWig	p-value signal	556751912	ATAC_SEQ	True
MOHD_EA100007	MOHD_EA100007_peaks-pseudorep_GRCh38_v0.bed.gz	Pseudorep peaks	865351	ATAC_SEQ	True
MOHD_EA100007	MOHD_EA100007_R1.fastq.gz	Sequenced reads	1599875317	ATAC_SEQ	False
MOHD_EA100007	MOHD_EA100007_filtered_GRCh38_v0.bam	Aligned reads	3017214525	ATAC_SEQ	False
MOHD_EA100007	MOHD_EA100007_R2.fastq.gz	Sequenced reads	1642824990	ATAC_SEQ	False
MOHD_EA100007	MOHD_EA100007_peaks-FDR5_GRCh38_v0.bed.gz	FDR 0.05 peaks	1520435	ATAC_SEQ	True
MOHD_EA100007	MOHD_EA100007_unfiltered_GRCh38_v0.bam	Aligned reads	5272072355	ATAC_SEQ	False
MOHD_EA100008	MOHD_EA100008_R2.fastq.gz	Sequenced reads	2244120412	ATAC_SEQ	False
MOHD_EA100008	MOHD_EA100008_peaks-pseudorep_GRCh38_v0.bed.gz	Pseudorep peaks	1751121	ATAC_SEQ	True
MOHD_EA100008	MOHD_EA100008_R1.fastq.gz	Sequenced reads	2276332666	ATAC_SEQ	False
MOHD_EA100008	MOHD_EA100008_signal-FC_GRCh38_v0.bigWig	Fold change signal	836249845	ATAC_SEQ	True
MOHD_EA100008	MOHD_EA100008_signal-pvalue_GRCh38_v0.bigWig	p-value signal	541516103	ATAC_SEQ	True
MOHD_EA100008	MOHD_EA100008_unfiltered_GRCh38_v0.bam	Aligned reads	6925634764	ATAC_SEQ	False
MOHD_EA100008	MOHD_EA100008_peaks-FDR5_GRCh38_v0.bed.gz	FDR 0.05 peaks	2359296	ATAC_SEQ	True
MOHD_EA100008	MOHD_EA100008_filtered_GRCh38_v0.bam	Aligned reads	3854733148	ATAC_SEQ	False
MOHD_EA100009	MOHD_EA100009_peaks-FDR5_GRCh38_v0.bed.gz	FDR 0.05 peaks	1069547	ATAC_SEQ	True
MOHD_EA100009	MOHD_EA100009_peaks-pseudorep_GRCh38_v0.bed.gz	Pseudorep peaks	467742	ATAC_SEQ	True
MOHD_EA100009	MOHD_EA100009_R2.fastq.gz	Sequenced reads	1417339207	ATAC_SEQ	False
MOHD_EA100009	MOHD_EA100009_R1.fastq.gz	Sequenced reads	1320702443	ATAC_SEQ	False
MOHD_EA100009	MOHD_EA100009_signal-pvalue_GRCh38_v0.bigWig	p-value signal	434907381	ATAC_SEQ	True
MOHD_EA100009	MOHD_EA100009_filtered_GRCh38_v0.bam	Aligned reads	2233382993	ATAC_SEQ	False
MOHD_EA100009	MOHD_EA100009_signal-FC_GRCh38_v0.bigWig	Fold change signal	484882513	ATAC_SEQ	True
MOHD_EA100009	MOHD_EA100009_unfiltered_GRCh38_v0.bam	Aligned reads	4144643440	ATAC_SEQ	False
MOHD_EA100010	MOHD_EA100010_peaks-FDR5_GRCh38_v0.bed.gz	FDR 0.05 peaks	3250585	ATAC_SEQ	True
MOHD_EA100010	MOHD_EA100010_R1.fastq.gz	Sequenced reads	1481763717	ATAC_SEQ	False
MOHD_EA100010	MOHD_EA100010_unfiltered_GRCh38_v0.bam	Aligned reads	4949949808	ATAC_SEQ	False
MOHD_EA100010	MOHD_EA100010_signal-FC_GRCh38_v0.bigWig	Fold change signal	714698915	ATAC_SEQ	True
MOHD_EA100010	MOHD_EA100010_peaks-pseudorep_GRCh38_v0.bed.gz	Pseudorep peaks	1415577	ATAC_SEQ	True
MOHD_EA100010	MOHD_EA100010_R2.fastq.gz	Sequenced reads	1567663063	ATAC_SEQ	False
MOHD_EA100010	MOHD_EA100010_filtered_GRCh38_v0.bam	Aligned reads	2877628088	ATAC_SEQ	False
MOHD_EA100010	MOHD_EA100010_signal-pvalue_GRCh38_v0.bigWig	p-value signal	538590576	ATAC_SEQ	True
MOHD_EA100011	MOHD_EA100011_signal-pvalue_GRCh38_v0.bigWig	p-value signal	441649725	ATAC_SEQ	True
MOHD_EA100011	MOHD_EA100011_unfiltered_GRCh38_v0.bam	Aligned reads	6012954214	ATAC_SEQ	False
MOHD_EA100011	MOHD_EA100011_R1.fastq.gz	Sequenced reads	2029372047	ATAC_SEQ	False
MOHD_EA100011	MOHD_EA100011_signal-FC_GRCh38_v0.bigWig	Fold change signal	637964124	ATAC_SEQ	True
MOHD_EA100011	MOHD_EA100011_peaks-FDR5_GRCh38_v0.bed.gz	FDR 0.05 peaks	2348810	ATAC_SEQ	True
MOHD_EA100011	MOHD_EA100011_filtered_GRCh38_v0.bam	Aligned reads	3221225472	ATAC_SEQ	False
MOHD_EA100011	MOHD_EA100011_R2.fastq.gz	Sequenced reads	2083059138	ATAC_SEQ	False
MOHD_EA100011	MOHD_EA100011_peaks-pseudorep_GRCh38_v0.bed.gz	Pseudorep peaks	1960837	ATAC_SEQ	True
MOHD_EA100012	MOHD_EA100012_R2.fastq.gz	Sequenced reads	1567663063	ATAC_SEQ	False
MOHD_EA100012	MOHD_EA100012_filtered_GRCh38_v0.bam	Aligned reads	2276332666	ATAC_SEQ	False
MOHD_EA100012	MOHD_EA100012_peaks-pseudorep_GRCh38_v0.bed.gz	Pseudorep peaks	407459	ATAC_SEQ	True
MOHD_EA100012	MOHD_EA100012_unfiltered_GRCh38_v0.bam	Aligned reads	4423816314	ATAC_SEQ	False
MOHD_EA100012	MOHD_EA100012_signal-FC_GRCh38_v0.bigWig	Fold change signal	488867102	ATAC_SEQ	True
MOHD_EA100012	MOHD_EA100012_peaks-FDR5_GRCh38_v0.bed.gz	FDR 0.05 peaks	1002526	ATAC_SEQ	True
MOHD_EA100012	MOHD_EA100012_R1.fastq.gz	Sequenced reads	1438814044	ATAC_SEQ	False
MOHD_EA100012	MOHD_EA100012_signal-pvalue_GRCh38_v0.bigWig	p-value signal	442582958	ATAC_SEQ	True
MOHD_EA100013	MOHD_EA100013_peaks-pseudorep_GRCh38_v0.bed.gz	Pseudorep peaks	459171	ATAC_SEQ	True
MOHD_EA100013	MOHD_EA100013_signal-pvalue_GRCh38_v0.bigWig	p-value signal	493722009	ATAC_SEQ	True
MOHD_EA100013	MOHD_EA100013_filtered_GRCh38_v0.bam	Aligned reads	2684354560	ATAC_SEQ	False
MOHD_EA100013	MOHD_EA100013_R1.fastq.gz	Sequenced reads	1374389534	ATAC_SEQ	False
MOHD_EA100013	MOHD_EA100013_unfiltered_GRCh38_v0.bam	Aligned reads	4606352424	ATAC_SEQ	False
MOHD_EA100013	MOHD_EA100013_peaks-FDR5_GRCh38_v0.bed.gz	FDR 0.05 peaks	1300234	ATAC_SEQ	True
MOHD_EA100013	MOHD_EA100013_signal-FC_GRCh38_v0.bigWig	Fold change signal	633727877	ATAC_SEQ	True
MOHD_EA100013	MOHD_EA100013_R2.fastq.gz	Sequenced reads	1428076625	ATAC_SEQ	False
MOHD_EA100014	MOHD_EA100014_peaks-FDR5_GRCh38_v0.bed.gz	FDR 0.05 peaks	1090519	ATAC_SEQ	True
MOHD_EA100014	MOHD_EA100014_R2.fastq.gz	Sequenced reads	900024238	ATAC_SEQ	False
MOHD_EA100014	MOHD_EA100014_signal-FC_GRCh38_v0.bigWig	Fold change signal	368710778	ATAC_SEQ	True
MOHD_EA100014	MOHD_EA100014_signal-pvalue_GRCh38_v0.bigWig	p-value signal	360311685	ATAC_SEQ	True
MOHD_EA100014	MOHD_EA100014_peaks-pseudorep_GRCh38_v0.bed.gz	Pseudorep peaks	685568	ATAC_SEQ	True
MOHD_EA100014	MOHD_EA100014_unfiltered_GRCh38_v0.bam	Aligned reads	3027951943	ATAC_SEQ	False
MOHD_EA100014	MOHD_EA100014_R1.fastq.gz	Sequenced reads	919968153	ATAC_SEQ	False
MOHD_EA100014	MOHD_EA100014_filtered_GRCh38_v0.bam	Aligned reads	1750199173	ATAC_SEQ	False
MOHD_EA100016	MOHD_EA100016_R1.fastq.gz	Sequenced reads	1417339207	ATAC_SEQ	False
MOHD_EA100016	MOHD_EA100016_R2.fastq.gz	Sequenced reads	1535450808	ATAC_SEQ	False
MOHD_EA100016	MOHD_EA100016_signal-FC_GRCh38_v0.bigWig	Fold change signal	624636723	ATAC_SEQ	True
MOHD_EA100016	MOHD_EA100016_peaks-pseudorep_GRCh38_v0.bed.gz	Pseudorep peaks	416778	ATAC_SEQ	True
MOHD_EA100016	MOHD_EA100016_unfiltered_GRCh38_v0.bam	Aligned reads	4681514352	ATAC_SEQ	False
MOHD_EA100016	MOHD_EA100016_signal-pvalue_GRCh38_v0.bigWig	p-value signal	489129246	ATAC_SEQ	True
MOHD_EA100016	MOHD_EA100016_peaks-FDR5_GRCh38_v0.bed.gz	FDR 0.05 peaks	896634	ATAC_SEQ	True
MOHD_EA100016	MOHD_EA100016_filtered_GRCh38_v0.bam	Aligned reads	2866890670	ATAC_SEQ	False
MOHD_EA100017	MOHD_EA100017_signal-FC_GRCh38_v0.bigWig	Fold change signal	584864235	ATAC_SEQ	True
MOHD_EA100017	MOHD_EA100017_peaks-FDR5_GRCh38_v0.bed.gz	FDR 0.05 peaks	1488977	ATAC_SEQ	True
MOHD_EA100017	MOHD_EA100017_unfiltered_GRCh38_v0.bam	Aligned reads	4402341478	ATAC_SEQ	False
MOHD_EA100017	MOHD_EA100017_R2.fastq.gz	Sequenced reads	1406601789	ATAC_SEQ	False
MOHD_EA100017	MOHD_EA100017_peaks-pseudorep_GRCh38_v0.bed.gz	Pseudorep peaks	824586	ATAC_SEQ	True
MOHD_EA100017	MOHD_EA100017_R1.fastq.gz	Sequenced reads	1320702443	ATAC_SEQ	False
MOHD_EA100017	MOHD_EA100017_signal-pvalue_GRCh38_v0.bigWig	p-value signal	451275653	ATAC_SEQ	True
MOHD_EA100017	MOHD_EA100017_filtered_GRCh38_v0.bam	Aligned reads	2609192632	ATAC_SEQ	False
MOHD_EA100018	MOHD_EA100018_signal-FC_GRCh38_v0.bigWig	Fold change signal	639295815	ATAC_SEQ	True
MOHD_EA100018	MOHD_EA100018_peaks-FDR5_GRCh38_v0.bed.gz	FDR 0.05 peaks	536084	ATAC_SEQ	True
MOHD_EA100018	MOHD_EA100018_peaks-pseudorep_GRCh38_v0.bed.gz	Pseudorep peaks	222033	ATAC_SEQ	True
MOHD_EA100018	MOHD_EA100018_unfiltered_GRCh38_v0.bam	Aligned reads	4702989189	ATAC_SEQ	False
MOHD_EA100018	MOHD_EA100018_signal-pvalue_GRCh38_v0.bigWig	p-value signal	496123248	ATAC_SEQ	True
MOHD_EA100018	MOHD_EA100018_R2.fastq.gz	Sequenced reads	1535450808	ATAC_SEQ	False
MOHD_EA100018	MOHD_EA100018_filtered_GRCh38_v0.bam	Aligned reads	2877628088	ATAC_SEQ	False
MOHD_EA100018	MOHD_EA100018_R1.fastq.gz	Sequenced reads	1438814044	ATAC_SEQ	False
MOHD_EA100019	MOHD_EA100019_signal-pvalue_GRCh38_v0.bigWig	p-value signal	472750489	ATAC_SEQ	True
MOHD_EA100019	MOHD_EA100019_peaks-pseudorep_GRCh38_v0.bed.gz	Pseudorep peaks	526018	ATAC_SEQ	True
MOHD_EA100019	MOHD_EA100019_filtered_GRCh38_v0.bam	Aligned reads	2619930050	ATAC_SEQ	False
MOHD_EA100019	MOHD_EA100019_R1.fastq.gz	Sequenced reads	1331439861	ATAC_SEQ	False
MOHD_EA100019	MOHD_EA100019_signal-FC_GRCh38_v0.bigWig	Fold change signal	551225917	ATAC_SEQ	True
MOHD_EA100019	MOHD_EA100019_peaks-FDR5_GRCh38_v0.bed.gz	FDR 0.05 peaks	881623	ATAC_SEQ	True
MOHD_EA100019	MOHD_EA100019_R2.fastq.gz	Sequenced reads	1395864371	ATAC_SEQ	False
MOHD_EA100019	MOHD_EA100019_unfiltered_GRCh38_v0.bam	Aligned reads	4305704714	ATAC_SEQ	False
MOHD_EA100020	MOHD_EA100020_R2.fastq.gz	Sequenced reads	1685774663	ATAC_SEQ	False
MOHD_EA100020	MOHD_EA100020_R1.fastq.gz	Sequenced reads	1632087572	ATAC_SEQ	False
MOHD_EA100020	MOHD_EA100020_signal-pvalue_GRCh38_v0.bigWig	p-value signal	559939584	ATAC_SEQ	True
MOHD_EA100020	MOHD_EA100020_signal-FC_GRCh38_v0.bigWig	Fold change signal	747718574	ATAC_SEQ	True
MOHD_EA100020	MOHD_EA100020_unfiltered_GRCh38_v0.bam	Aligned reads	5315022028	ATAC_SEQ	False
MOHD_EA100020	MOHD_EA100020_peaks-pseudorep_GRCh38_v0.bed.gz	Pseudorep peaks	882718	ATAC_SEQ	True
MOHD_EA100020	MOHD_EA100020_filtered_GRCh38_v0.bam	Aligned reads	3146063544	ATAC_SEQ	False
MOHD_EA100020	MOHD_EA100020_peaks-FDR5_GRCh38_v0.bed.gz	FDR 0.05 peaks	1793064	ATAC_SEQ	True
MOHD_EA100021	MOHD_EA100021_R1.fastq.gz	Sequenced reads	1406601789	ATAC_SEQ	False
MOHD_EA100021	MOHD_EA100021_peaks-FDR5_GRCh38_v0.bed.gz	FDR 0.05 peaks	957327	ATAC_SEQ	True
MOHD_EA100021	MOHD_EA100021_signal-pvalue_GRCh38_v0.bigWig	p-value signal	442824130	ATAC_SEQ	True
MOHD_EA100021	MOHD_EA100021_unfiltered_GRCh38_v0.bam	Aligned reads	4702989189	ATAC_SEQ	False
MOHD_EA100021	MOHD_EA100021_filtered_GRCh38_v0.bam	Aligned reads	2641404887	ATAC_SEQ	False
MOHD_EA100021	MOHD_EA100021_signal-FC_GRCh38_v0.bigWig	Fold change signal	575762595	ATAC_SEQ	True
MOHD_EA100021	MOHD_EA100021_peaks-pseudorep_GRCh38_v0.bed.gz	Pseudorep peaks	621230	ATAC_SEQ	True
MOHD_EA100021	MOHD_EA100021_R2.fastq.gz	Sequenced reads	1567663063	ATAC_SEQ	False
MOHD_EA100022	MOHD_EA100022_R2.fastq.gz	Sequenced reads	1417339207	ATAC_SEQ	False
MOHD_EA100022	MOHD_EA100022_peaks-pseudorep_GRCh38_v0.bed.gz	Pseudorep peaks	588462	ATAC_SEQ	True
MOHD_EA100022	MOHD_EA100022_R1.fastq.gz	Sequenced reads	1395864371	ATAC_SEQ	False
MOHD_EA100022	MOHD_EA100022_signal-FC_GRCh38_v0.bigWig	Fold change signal	432611000	ATAC_SEQ	True
MOHD_EA100022	MOHD_EA100022_peaks-FDR5_GRCh38_v0.bed.gz	FDR 0.05 peaks	1321205	ATAC_SEQ	True
MOHD_EA100022	MOHD_EA100022_signal-pvalue_GRCh38_v0.bigWig	p-value signal	406061056	ATAC_SEQ	True
MOHD_EA100022	MOHD_EA100022_unfiltered_GRCh38_v0.bam	Aligned reads	4252017623	ATAC_SEQ	False
MOHD_EA100022	MOHD_EA100022_filtered_GRCh38_v0.bam	Aligned reads	1825361100	ATAC_SEQ	False
MOHD_EA100023	MOHD_EA100023_peaks-FDR5_GRCh38_v0.bed.gz	FDR 0.05 peaks	2359296	ATAC_SEQ	True
MOHD_EA100023	MOHD_EA100023_signal-pvalue_GRCh38_v0.bigWig	p-value signal	632836587	ATAC_SEQ	True
MOHD_EA100023	MOHD_EA100023_peaks-pseudorep_GRCh38_v0.bed.gz	Pseudorep peaks	1015009	ATAC_SEQ	True
MOHD_EA100023	MOHD_EA100023_unfiltered_GRCh38_v0.bam	Aligned reads	6710886400	ATAC_SEQ	False
MOHD_EA100023	MOHD_EA100023_filtered_GRCh38_v0.bam	Aligned reads	3843995729	ATAC_SEQ	False
MOHD_EA100023	MOHD_EA100023_R1.fastq.gz	Sequenced reads	2007897210	ATAC_SEQ	False
MOHD_EA100023	MOHD_EA100023_signal-FC_GRCh38_v0.bigWig	Fold change signal	924917432	ATAC_SEQ	True
MOHD_EA100023	MOHD_EA100023_R2.fastq.gz	Sequenced reads	2158221066	ATAC_SEQ	False
MOHD_EA100024	MOHD_EA100024_signal-FC_GRCh38_v0.bigWig	Fold change signal	512984350	ATAC_SEQ	True
MOHD_EA100024	MOHD_EA100024_R1.fastq.gz	Sequenced reads	1535450808	ATAC_SEQ	False
MOHD_EA100024	MOHD_EA100024_unfiltered_GRCh38_v0.bam	Aligned reads	4821100789	ATAC_SEQ	False
MOHD_EA100024	MOHD_EA100024_peaks-FDR5_GRCh38_v0.bed.gz	FDR 0.05 peaks	1688207	ATAC_SEQ	True
MOHD_EA100024	MOHD_EA100024_filtered_GRCh38_v0.bam	Aligned reads	2630667468	ATAC_SEQ	False
MOHD_EA100024	MOHD_EA100024_peaks-pseudorep_GRCh38_v0.bed.gz	Pseudorep peaks	1373634	ATAC_SEQ	True
MOHD_EA100024	MOHD_EA100024_signal-pvalue_GRCh38_v0.bigWig	p-value signal	368511549	ATAC_SEQ	True
MOHD_EA100024	MOHD_EA100024_R2.fastq.gz	Sequenced reads	1621350154	ATAC_SEQ	False
MOHD_EA100025	MOHD_EA100025_R2.fastq.gz	Sequenced reads	1653562408	ATAC_SEQ	False
MOHD_EA100025	MOHD_EA100025_filtered_GRCh38_v0.bam	Aligned reads	2899102924	ATAC_SEQ	False
MOHD_EA100025	MOHD_EA100025_signal-FC_GRCh38_v0.bigWig	Fold change signal	677463982	ATAC_SEQ	True
MOHD_EA100025	MOHD_EA100025_peaks-FDR5_GRCh38_v0.bed.gz	FDR 0.05 peaks	2023751	ATAC_SEQ	True
MOHD_EA100025	MOHD_EA100025_unfiltered_GRCh38_v0.bam	Aligned reads	5175435591	ATAC_SEQ	False
MOHD_EA100025	MOHD_EA100025_R1.fastq.gz	Sequenced reads	1578400481	ATAC_SEQ	False
MOHD_EA100025	MOHD_EA100025_peaks-pseudorep_GRCh38_v0.bed.gz	Pseudorep peaks	789882	ATAC_SEQ	True
MOHD_EA100025	MOHD_EA100025_signal-pvalue_GRCh38_v0.bigWig	p-value signal	528052387	ATAC_SEQ	True
MOHD_EA100026	MOHD_EA100026_peaks-pseudorep_GRCh38_v0.bed.gz	Pseudorep peaks	506081	ATAC_SEQ	True
MOHD_EA100026	MOHD_EA100026_unfiltered_GRCh38_v0.bam	Aligned reads	5454608465	ATAC_SEQ	False
MOHD_EA100026	MOHD_EA100026_signal-FC_GRCh38_v0.bigWig	Fold change signal	744100986	ATAC_SEQ	True
MOHD_EA100026	MOHD_EA100026_peaks-FDR5_GRCh38_v0.bed.gz	FDR 0.05 peaks	1258291	ATAC_SEQ	True
MOHD_EA100026	MOHD_EA100026_filtered_GRCh38_v0.bam	Aligned reads	3092376453	ATAC_SEQ	False
MOHD_EA100026	MOHD_EA100026_signal-pvalue_GRCh38_v0.bigWig	p-value signal	567069900	ATAC_SEQ	True
MOHD_EA100026	MOHD_EA100026_R2.fastq.gz	Sequenced reads	1664299827	ATAC_SEQ	False
MOHD_EA100026	MOHD_EA100026_R1.fastq.gz	Sequenced reads	1642824990	ATAC_SEQ	False
MOHD_EA100027	MOHD_EA100027_filtered_GRCh38_v0.bam	Aligned reads	2469606195	ATAC_SEQ	False
MOHD_EA100027	MOHD_EA100027_unfiltered_GRCh38_v0.bam	Aligned reads	5325759447	ATAC_SEQ	False
MOHD_EA100027	MOHD_EA100027_signal-FC_GRCh38_v0.bigWig	Fold change signal	446200545	ATAC_SEQ	True
MOHD_EA100027	MOHD_EA100027_signal-pvalue_GRCh38_v0.bigWig	p-value signal	315998863	ATAC_SEQ	True
MOHD_EA100027	MOHD_EA100027_R1.fastq.gz	Sequenced reads	1696512081	ATAC_SEQ	False
MOHD_EA100027	MOHD_EA100027_peaks-FDR5_GRCh38_v0.bed.gz	FDR 0.05 peaks	2065694	ATAC_SEQ	True
MOHD_EA100027	MOHD_EA100027_R2.fastq.gz	Sequenced reads	1879048192	ATAC_SEQ	False
MOHD_EA100027	MOHD_EA100027_peaks-pseudorep_GRCh38_v0.bed.gz	Pseudorep peaks	1688207	ATAC_SEQ	True
MOHD_EA100028	MOHD_EA100028_signal-FC_GRCh38_v0.bigWig	Fold change signal	797358161	ATAC_SEQ	True
MOHD_EA100028	MOHD_EA100028_signal-pvalue_GRCh38_v0.bigWig	p-value signal	606055956	ATAC_SEQ	True
MOHD_EA100028	MOHD_EA100028_R2.fastq.gz	Sequenced reads	1900523028	ATAC_SEQ	False
MOHD_EA100028	MOHD_EA100028_peaks-pseudorep_GRCh38_v0.bed.gz	Pseudorep peaks	1551892	ATAC_SEQ	True
MOHD_EA100028	MOHD_EA100028_filtered_GRCh38_v0.bam	Aligned reads	3317862236	ATAC_SEQ	False
MOHD_EA100028	MOHD_EA100028_peaks-FDR5_GRCh38_v0.bed.gz	FDR 0.05 peaks	3072327	ATAC_SEQ	True
MOHD_EA100028	MOHD_EA100028_unfiltered_GRCh38_v0.bam	Aligned reads	6055903887	ATAC_SEQ	False
MOHD_EA100028	MOHD_EA100028_R1.fastq.gz	Sequenced reads	1803886264	ATAC_SEQ	False
MOHD_EA100029	MOHD_EA100029_signal-pvalue_GRCh38_v0.bigWig	p-value signal	400388259	ATAC_SEQ	True
MOHD_EA100029	MOHD_EA100029_peaks-pseudorep_GRCh38_v0.bed.gz	Pseudorep peaks	69376	ATAC_SEQ	True
MOHD_EA100029	MOHD_EA100029_unfiltered_GRCh38_v0.bam	Aligned reads	3253437726	ATAC_SEQ	False
MOHD_EA100029	MOHD_EA100029_R1.fastq.gz	Sequenced reads	995926999	ATAC_SEQ	False
MOHD_EA100029	MOHD_EA100029_peaks-FDR5_GRCh38_v0.bed.gz	FDR 0.05 peaks	285583	ATAC_SEQ	True
MOHD_EA100029	MOHD_EA100029_R2.fastq.gz	Sequenced reads	986332528	ATAC_SEQ	False
MOHD_EA100029	MOHD_EA100029_signal-FC_GRCh38_v0.bigWig	Fold change signal	424578908	ATAC_SEQ	True
MOHD_EA100029	MOHD_EA100029_filtered_GRCh38_v0.bam	Aligned reads	1932735283	ATAC_SEQ	False
MOHD_EA100030	MOHD_EA100030_unfiltered_GRCh38_v0.bam	Aligned reads	3307124817	ATAC_SEQ	False
MOHD_EA100030	MOHD_EA100030_filtered_GRCh38_v0.bam	Aligned reads	1879048192	ATAC_SEQ	False
MOHD_EA100030	MOHD_EA100030_peaks-pseudorep_GRCh38_v0.bed.gz	Pseudorep peaks	589977	ATAC_SEQ	True
MOHD_EA100030	MOHD_EA100030_signal-pvalue_GRCh38_v0.bigWig	p-value signal	396120555	ATAC_SEQ	True
MOHD_EA100030	MOHD_EA100030_peaks-FDR5_GRCh38_v0.bed.gz	FDR 0.05 peaks	1111490	ATAC_SEQ	True
MOHD_EA100030	MOHD_EA100030_R2.fastq.gz	Sequenced reads	985902612	ATAC_SEQ	False
MOHD_EA100030	MOHD_EA100030_R1.fastq.gz	Sequenced reads	992225525	ATAC_SEQ	False
MOHD_EA100030	MOHD_EA100030_signal-FC_GRCh38_v0.bigWig	Fold change signal	419241656	ATAC_SEQ	True
MOHD_EA100031	MOHD_EA100031_peaks-FDR5_GRCh38_v0.bed.gz	FDR 0.05 peaks	1247805	ATAC_SEQ	True
MOHD_EA100031	MOHD_EA100031_signal-FC_GRCh38_v0.bigWig	Fold change signal	720319283	ATAC_SEQ	True
MOHD_EA100031	MOHD_EA100031_filtered_GRCh38_v0.bam	Aligned reads	3156800962	ATAC_SEQ	False
MOHD_EA100031	MOHD_EA100031_peaks-pseudorep_GRCh38_v0.bed.gz	Pseudorep peaks	622018	ATAC_SEQ	True
MOHD_EA100031	MOHD_EA100031_unfiltered_GRCh38_v0.bam	Aligned reads	5336496865	ATAC_SEQ	False
MOHD_EA100031	MOHD_EA100031_signal-pvalue_GRCh38_v0.bigWig	p-value signal	558031175	ATAC_SEQ	True
MOHD_EA100031	MOHD_EA100031_R1.fastq.gz	Sequenced reads	1589137899	ATAC_SEQ	False
MOHD_EA100031	MOHD_EA100031_R2.fastq.gz	Sequenced reads	1717986918	ATAC_SEQ	False
MOHD_EA100032	MOHD_EA100032_filtered_GRCh38_v0.bam	Aligned reads	4166118277	ATAC_SEQ	False
MOHD_EA100032	MOHD_EA100032_signal-pvalue_GRCh38_v0.bigWig	p-value signal	730784071	ATAC_SEQ	True
MOHD_EA100032	MOHD_EA100032_R1.fastq.gz	Sequenced reads	2383706849	ATAC_SEQ	False
MOHD_EA100032	MOHD_EA100032_peaks-FDR5_GRCh38_v0.bed.gz	FDR 0.05 peaks	2621440	ATAC_SEQ	True
MOHD_EA100032	MOHD_EA100032_R2.fastq.gz	Sequenced reads	2501818449	ATAC_SEQ	False
MOHD_EA100032	MOHD_EA100032_signal-FC_GRCh38_v0.bigWig	Fold change signal	1032165785	ATAC_SEQ	True
MOHD_EA100032	MOHD_EA100032_unfiltered_GRCh38_v0.bam	Aligned reads	7945689497	ATAC_SEQ	False
MOHD_EA100032	MOHD_EA100032_peaks-pseudorep_GRCh38_v0.bed.gz	Pseudorep peaks	978391	ATAC_SEQ	True
MOHD_EA100033	MOHD_EA100033_signal-pvalue_GRCh38_v0.bigWig	p-value signal	528765419	ATAC_SEQ	True
MOHD_EA100033	MOHD_EA100033_peaks-FDR5_GRCh38_v0.bed.gz	FDR 0.05 peaks	1981808	ATAC_SEQ	True
MOHD_EA100033	MOHD_EA100033_signal-FC_GRCh38_v0.bigWig	Fold change signal	691902873	ATAC_SEQ	True
MOHD_EA100033	MOHD_EA100033_filtered_GRCh38_v0.bam	Aligned reads	2974264852	ATAC_SEQ	False
MOHD_EA100033	MOHD_EA100033_peaks-pseudorep_GRCh38_v0.bed.gz	Pseudorep peaks	764303	ATAC_SEQ	True
MOHD_EA100033	MOHD_EA100033_R1.fastq.gz	Sequenced reads	1535450808	ATAC_SEQ	False
MOHD_EA100033	MOHD_EA100033_unfiltered_GRCh38_v0.bam	Aligned reads	5035849154	ATAC_SEQ	False
MOHD_EA100033	MOHD_EA100033_R2.fastq.gz	Sequenced reads	1610612736	ATAC_SEQ	False
MOHD_EA100034	MOHD_EA100034_R1.fastq.gz	Sequenced reads	1546188226	ATAC_SEQ	False
MOHD_EA100034	MOHD_EA100034_filtered_GRCh38_v0.bam	Aligned reads	2899102924	ATAC_SEQ	False
MOHD_EA100034	MOHD_EA100034_peaks-FDR5_GRCh38_v0.bed.gz	FDR 0.05 peaks	2149580	ATAC_SEQ	True
MOHD_EA100034	MOHD_EA100034_peaks-pseudorep_GRCh38_v0.bed.gz	Pseudorep peaks	984524	ATAC_SEQ	True
MOHD_EA100034	MOHD_EA100034_R2.fastq.gz	Sequenced reads	1750199173	ATAC_SEQ	False
MOHD_EA100034	MOHD_EA100034_unfiltered_GRCh38_v0.bam	Aligned reads	5336496865	ATAC_SEQ	False
MOHD_EA100034	MOHD_EA100034_signal-pvalue_GRCh38_v0.bigWig	p-value signal	522935336	ATAC_SEQ	True
MOHD_EA100034	MOHD_EA100034_signal-FC_GRCh38_v0.bigWig	Fold change signal	670721638	ATAC_SEQ	True
MOHD_EA100025	MOHD_EA100025.tar.gz	Compressed Tar File	1178165229	ATAC_SEQ	True
MOHD_EA100031	MOHD_EA100031.tar.gz	Compressed Tar File	1247679351	ATAC_SEQ	True
MOHD_EA100027	MOHD_EA100027.tar.gz	Compressed Tar File	746510346	ATAC_SEQ	True
MOHD_EA100014	MOHD_EA100014.tar.gz	Compressed Tar File	712541471	ATAC_SEQ	True
MOHD_EA100003	MOHD_EA100003.tar.gz	Compressed Tar File	1270897469	ATAC_SEQ	True
MOHD_EA100006	MOHD_EA100006.tar.gz	Compressed Tar File	994036798	ATAC_SEQ	True
MOHD_EA100016	MOHD_EA100016.tar.gz	Compressed Tar File	1086362946	ATAC_SEQ	True
MOHD_EA100004	MOHD_EA100004.tar.gz	Compressed Tar File	1378638091	ATAC_SEQ	True
MOHD_EA100019	MOHD_EA100019.tar.gz	Compressed Tar File	998853614	ATAC_SEQ	True
MOHD_EA100033	MOHD_EA100033.tar.gz	Compressed Tar File	1193459129	ATAC_SEQ	True
MOHD_EA100021	MOHD_EA100021.tar.gz	Compressed Tar File	993906255	ATAC_SEQ	True
MOHD_EA100009	MOHD_EA100009.tar.gz	Compressed Tar File	898449416	ATAC_SEQ	True
MOHD_EA100017	MOHD_EA100017.tar.gz	Compressed Tar File	1012358206	ATAC_SEQ	True
MOHD_EA100005	MOHD_EA100005.tar.gz	Compressed Tar File	1367690105	ATAC_SEQ	True
MOHD_EA100012	MOHD_EA100012.tar.gz	Compressed Tar File	909432735	ATAC_SEQ	True
MOHD_EA100024	MOHD_EA100024.tar.gz	Compressed Tar File	862295617	ATAC_SEQ	True
MOHD_EA100028	MOHD_EA100028.tar.gz	Compressed Tar File	1373936607	ATAC_SEQ	True
MOHD_EA100001	MOHD_EA100001.tar.gz	Compressed Tar File	1111684813	ATAC_SEQ	True
MOHD_EA100020	MOHD_EA100020.tar.gz	Compressed Tar File	1278019004	ATAC_SEQ	True
MOHD_EA100022	MOHD_EA100022.tar.gz	Compressed Tar File	819820555	ATAC_SEQ	True
MOHD_EA100034	MOHD_EA100034.tar.gz	Compressed Tar File	1167358594	ATAC_SEQ	True
MOHD_EA100018	MOHD_EA100018.tar.gz	Compressed Tar File	1107351385	ATAC_SEQ	True
MOHD_EA100008	MOHD_EA100008.tar.gz	Compressed Tar File	1347821662	ATAC_SEQ	True
MOHD_EA100010	MOHD_EA100010.tar.gz	Compressed Tar File	1227997632	ATAC_SEQ	True
MOHD_EA100032	MOHD_EA100032.tar.gz	Compressed Tar File	1724309705	ATAC_SEQ	True
MOHD_EA100023	MOHD_EA100023.tar.gz	Compressed Tar File	1523147795	ATAC_SEQ	True
MOHD_EA100013	MOHD_EA100013.tar.gz	Compressed Tar File	1100717873	ATAC_SEQ	True
MOHD_EA100007	MOHD_EA100007.tar.gz	Compressed Tar File	1243579724	ATAC_SEQ	True
ATAC_allsamples	ATAC_all_datasets.tar.gz	Compressed Tar File	37211890242	ATAC_SEQ	True
MOHD_EA100030	MOHD_EA100030.tar.gz	Compressed Tar File	796353490	ATAC_SEQ	True
MOHD_EA100002	MOHD_EA100002.tar.gz	Compressed Tar File	1447017678	ATAC_SEQ	True
MOHD_EA100029	MOHD_EA100029.tar.gz	Compressed Tar File	804012637	ATAC_SEQ	True
MOHD_EA100026	MOHD_EA100026.tar.gz	Compressed Tar File	1280080070	ATAC_SEQ	True
MOHD_EA100011	MOHD_EA100011.tar.gz	Compressed Tar File	1056473399	ATAC_SEQ	True
MOHD_EE100004	MOHD_EE100004_positive.d.tar.gz	Raw chemical expsoure mass spectrometry data	2004054686	EXPOSOMICS	False
MOHD_EE100004	MOHD_EE100004_negative.d.tar.gz	Raw chemical expsoure mass spectrometry data	1780581739	EXPOSOMICS	False
MOHD_EE100005	MOHD_EE100005_positive.d.tar.gz	Raw chemical expsoure mass spectrometry data	2022115642	EXPOSOMICS	False
MOHD_EE100005	MOHD_EE100005_negative.d.tar.gz	Raw chemical expsoure mass spectrometry data	1798626695	EXPOSOMICS	False
MOHD_EE100006	MOHD_EE100006_positive.d.tar.gz	Raw chemical expsoure mass spectrometry data	2021051010	EXPOSOMICS	False
MOHD_EE100006	MOHD_EE100006_negative.d.tar.gz	Raw chemical expsoure mass spectrometry data	1789187065	EXPOSOMICS	False
MOHD_EE100007	MOHD_EE100007_negative.d.tar.gz	Raw chemical expsoure mass spectrometry data	1784382086	EXPOSOMICS	False
MOHD_EE100007	MOHD_EE100007_positive.d.tar.gz	Raw chemical expsoure mass spectrometry data	1999883243	EXPOSOMICS	False
MOHD_EE100008	MOHD_EE100008_negative.d.tar.gz	Raw chemical expsoure mass spectrometry data	1796239106	EXPOSOMICS	False
MOHD_EE100008	MOHD_EE100008_positive.d.tar.gz	Raw chemical expsoure mass spectrometry data	2069256098	EXPOSOMICS	False
MOHD_EE100009	MOHD_EE100009_negative.d.tar.gz	Raw chemical expsoure mass spectrometry data	1800813186	EXPOSOMICS	False
MOHD_EE100009	MOHD_EE100009_positive.d.tar.gz	Raw chemical expsoure mass spectrometry data	2001429119	EXPOSOMICS	False
MOHD_EE100010	MOHD_EE100010_positive.d.tar.gz	Raw chemical expsoure mass spectrometry data	1988018187	EXPOSOMICS	False
MOHD_EE100010	MOHD_EE100010_negative.d.tar.gz	Raw chemical expsoure mass spectrometry data	1791295199	EXPOSOMICS	False
MOHD_EE100011	MOHD_EE100011_negative.d.tar.gz	Raw chemical expsoure mass spectrometry data	1800716581	EXPOSOMICS	False
MOHD_EE100011	MOHD_EE100011_positive.d.tar.gz	Raw chemical expsoure mass spectrometry data	2019501678	EXPOSOMICS	False
MOHD_EE100012	MOHD_EE100012_positive.d.tar.gz	Raw chemical expsoure mass spectrometry data	1988115647	EXPOSOMICS	False
MOHD_EE100012	MOHD_EE100012_negative.d.tar.gz	Raw chemical expsoure mass spectrometry data	1785595521	EXPOSOMICS	False
MOHD_EE100017	MOHD_EE100017_negative.d.tar.gz	Raw chemical expsoure mass spectrometry data	1792503815	EXPOSOMICS	False
MOHD_EE100017	MOHD_EE100017_positive.d.tar.gz	Raw chemical expsoure mass spectrometry data	2025710353	EXPOSOMICS	False
MOHD_EE100018	MOHD_EE100018_positive.d.tar.gz	Raw chemical expsoure mass spectrometry data	2004644359	EXPOSOMICS	False
MOHD_EE100018	MOHD_EE100018_negative.d.tar.gz	Raw chemical expsoure mass spectrometry data	1789703021	EXPOSOMICS	False
MOHD_EE100019	MOHD_EE100019_positive.d.tar.gz	Raw chemical expsoure mass spectrometry data	2029053252	EXPOSOMICS	False
MOHD_EE100019	MOHD_EE100019_negative.d.tar.gz	Raw chemical expsoure mass spectrometry data	1789384082	EXPOSOMICS	False
MOHD_EE100020	MOHD_EE100020_negative.d.tar.gz	Raw chemical expsoure mass spectrometry data	1801539605	EXPOSOMICS	False
MOHD_EE100020	MOHD_EE100020_positive.d.tar.gz	Raw chemical expsoure mass spectrometry data	2050802848	EXPOSOMICS	False
MOHD_EE100021	MOHD_EE100021_positive.d.tar.gz	Raw chemical expsoure mass spectrometry data	2047233924	EXPOSOMICS	False
MOHD_EE100021	MOHD_EE100021_negative.d.tar.gz	Raw chemical expsoure mass spectrometry data	1793592972	EXPOSOMICS	False
MOHD_EE100022	MOHD_EE100022_negative.d.tar.gz	Raw chemical expsoure mass spectrometry data	1796351058	EXPOSOMICS	False
MOHD_EE100022	MOHD_EE100022_positive.d.tar.gz	Raw chemical expsoure mass spectrometry data	2019123271	EXPOSOMICS	False
MOHD_EL100005	MOHD_EL100005_positive.d.tar.gz	Raw non-polar lipid mass spectrometry data	3067670	LIPIDOMICS	False
MOHD_EL100006	MOHD_EL100006_positive.d.tar.gz	Raw non-polar lipid mass spectrometry data	3066451	LIPIDOMICS	False
MOHD_EL100007	MOHD_EL100007_positive.d.tar.gz	Raw non-polar lipid mass spectrometry data	3064524	LIPIDOMICS	False
MOHD_EL100008	MOHD_EL100008_positive.d.tar.gz	Raw non-polar lipid mass spectrometry data	3063747	LIPIDOMICS	False
MOHD_EL100009	MOHD_EL100009_positive.d.tar.gz	Raw non-polar lipid mass spectrometry data	3062701	LIPIDOMICS	False
MOHD_EL100010	MOHD_EL100010_positive.d.tar.gz	Raw non-polar lipid mass spectrometry data	3064732	LIPIDOMICS	False
MOHD_EL100011	MOHD_EL100011_positive.d.tar.gz	Raw non-polar lipid mass spectrometry data	3061282	LIPIDOMICS	False
MOHD_EL100012	MOHD_EL100012_positive.d.tar.gz	Raw non-polar lipid mass spectrometry data	3061017	LIPIDOMICS	False
MOHD_EL100013	MOHD_EL100013_positive.d.tar.gz	Raw non-polar lipid mass spectrometry data	3058715	LIPIDOMICS	False
MOHD_EL100017	MOHD_EL100017_positive.d.tar.gz	Raw non-polar lipid mass spectrometry data	3064985	LIPIDOMICS	False
MOHD_EL100018	MOHD_EL100018_positive.d.tar.gz	Raw non-polar lipid mass spectrometry data	3065814	LIPIDOMICS	False
MOHD_EL100019	MOHD_EL100019_positive.d.tar.gz	Raw non-polar lipid mass spectrometry data	3068482	LIPIDOMICS	False
MOHD_EL100025	MOHD_EL100025_positive.d.tar.gz	Raw non-polar lipid mass spectrometry data	3061545	LIPIDOMICS	False
MOHD_EL100026	MOHD_EL100026_positive.d.tar.gz	Raw non-polar lipid mass spectrometry data	3060708	LIPIDOMICS	False
MOHD_EM100005	MOHD_EM100005_negative.d.tar.gz	Raw  polar small-molecule mass spectrometry data	117771831	METABOLOMICS	False
MOHD_EM100005	MOHD_EM100005_positive.d.tar.gz	Raw  polar small-molecule mass spectrometry data	153449372	METABOLOMICS	False
MOHD_EM100006	MOHD_EM100006_positive.d.tar.gz	Raw  polar small-molecule mass spectrometry data	153532691	METABOLOMICS	False
MOHD_EM100006	MOHD_EM100006_negative.d.tar.gz	Raw  polar small-molecule mass spectrometry data	125859102	METABOLOMICS	False
MOHD_EM100007	MOHD_EM100007_negative.d.tar.gz	Raw  polar small-molecule mass spectrometry data	119896178	METABOLOMICS	False
MOHD_EM100007	MOHD_EM100007_positive.d.tar.gz	Raw  polar small-molecule mass spectrometry data	152460420	METABOLOMICS	False
MOHD_EM100008	MOHD_EM100008_positive.d.tar.gz	Raw  polar small-molecule mass spectrometry data	152336949	METABOLOMICS	False
MOHD_EM100008	MOHD_EM100008_negative.d.tar.gz	Raw  polar small-molecule mass spectrometry data	119075441	METABOLOMICS	False
MOHD_EM100009	MOHD_EM100009_positive.d.tar.gz	Raw  polar small-molecule mass spectrometry data	149757146	METABOLOMICS	False
MOHD_EM100009	MOHD_EM100009_negative.d.tar.gz	Raw  polar small-molecule mass spectrometry data	116140612	METABOLOMICS	False
MOHD_EM100010	MOHD_EM100010_negative.d.tar.gz	Raw  polar small-molecule mass spectrometry data	117587306	METABOLOMICS	False
MOHD_EM100010	MOHD_EM100010_positive.d.tar.gz	Raw  polar small-molecule mass spectrometry data	151687049	METABOLOMICS	False
MOHD_EM100011	MOHD_EM100011_positive.d.tar.gz	Raw  polar small-molecule mass spectrometry data	149059497	METABOLOMICS	False
MOHD_EM100011	MOHD_EM100011_negative.d.tar.gz	Raw  polar small-molecule mass spectrometry data	115356319	METABOLOMICS	False
MOHD_EM100012	MOHD_EM100012_positive.d.tar.gz	Raw  polar small-molecule mass spectrometry data	152498459	METABOLOMICS	False
MOHD_EM100012	MOHD_EM100012_negative.d.tar.gz	Raw  polar small-molecule mass spectrometry data	116588203	METABOLOMICS	False
MOHD_EM100013	MOHD_EM100013_negative.d.tar.gz	Raw  polar small-molecule mass spectrometry data	117562610	METABOLOMICS	False
MOHD_EM100013	MOHD_EM100013_positive.d.tar.gz	Raw  polar small-molecule mass spectrometry data	151787404	METABOLOMICS	False
MOHD_EM100017	MOHD_EM100017_negative.d.tar.gz	Raw  polar small-molecule mass spectrometry data	115764128	METABOLOMICS	False
MOHD_EM100017	MOHD_EM100017_positive.d.tar.gz	Raw  polar small-molecule mass spectrometry data	149191794	METABOLOMICS	False
MOHD_EM100018	MOHD_EM100018_negative.d.tar.gz	Raw  polar small-molecule mass spectrometry data	116592816	METABOLOMICS	False
MOHD_EM100018	MOHD_EM100018_positive.d.tar.gz	Raw  polar small-molecule mass spectrometry data	152454734	METABOLOMICS	False
MOHD_EM100019	MOHD_EM100019_positive.d.tar.gz	Raw  polar small-molecule mass spectrometry data	152613103	METABOLOMICS	False
MOHD_EM100019	MOHD_EM100019_negative.d.tar.gz	Raw  polar small-molecule mass spectrometry data	124944093	METABOLOMICS	False
MOHD_EM100025	MOHD_EM100025_negative.d.tar.gz	Raw  polar small-molecule mass spectrometry data	118120667	METABOLOMICS	False
MOHD_EM100025	MOHD_EM100025_positive.d.tar.gz	Raw  polar small-molecule mass spectrometry data	154683705	METABOLOMICS	False
MOHD_EM100026	MOHD_EM100026_negative.d.tar.gz	Raw  polar small-molecule mass spectrometry data	115544939	METABOLOMICS	False
MOHD_EM100026	MOHD_EM100026_positive.d.tar.gz	Raw  polar small-molecule mass spectrometry data	151540572	METABOLOMICS	False
MOHD_EM100027	MOHD_EM100027_positive.d.tar.gz	Raw  polar small-molecule mass spectrometry data	150695700	METABOLOMICS	False
MOHD_EM100027	MOHD_EM100027_negative.d.tar.gz	Raw  polar small-molecule mass spectrometry data	118656033	METABOLOMICS	False
MOHD_EP100001	MOHD_EP100001_positive.raw.gz	Raw protein mass spectrometry data	4435059473	PROTEOMICS	False
MOHD_EP100002	MOHD_EP100002_positive.raw.gz	Raw protein mass spectrometry data	4185435602	PROTEOMICS	False
MOHD_EP100003	MOHD_EP100003_positive.raw.gz	Raw protein mass spectrometry data	3893987642	PROTEOMICS	False
MOHD_EP100004	MOHD_EP100004_positive.raw.gz	Raw protein mass spectrometry data	3820394371	PROTEOMICS	False
MOHD_EP100005	MOHD_EP100005_positive.raw.gz	Raw protein mass spectrometry data	3844457392	PROTEOMICS	False
MOHD_EP100006	MOHD_EP100006_positive.raw.gz	Raw protein mass spectrometry data	3695080915	PROTEOMICS	False
MOHD_EP100007	MOHD_EP100007_positive.raw.gz	Raw protein mass spectrometry data	3701361844	PROTEOMICS	False
MOHD_EP100008	MOHD_EP100008_positive.raw.gz	Raw protein mass spectrometry data	3685379624	PROTEOMICS	False
MOHD_EP100009	MOHD_EP100009_positive.raw.gz	Raw protein mass spectrometry data	3845690225	PROTEOMICS	False
MOHD_EP100010	MOHD_EP100010_positive.raw.gz	Raw protein mass spectrometry data	3719763731	PROTEOMICS	False
MOHD_EP100011	MOHD_EP100011_positive.raw.gz	Raw protein mass spectrometry data	4045842243	PROTEOMICS	False
MOHD_EP100012	MOHD_EP100012_positive.raw.gz	Raw protein mass spectrometry data	3687627155	PROTEOMICS	False
MOHD_EP100013	MOHD_EP100013_positive.raw.gz	Raw protein mass spectrometry data	3912133112	PROTEOMICS	False
MOHD_EP100014	MOHD_EP100014_positive.raw.gz	Raw protein mass spectrometry data	3928149839	PROTEOMICS	False
MOHD_EP100015	MOHD_EP100015_positive.raw.gz	Raw protein mass spectrometry data	3828748733	PROTEOMICS	False
MOHD_ER100001	MOHD_ER100001_signal-minus-all_GRCh38_v0.bigWig	All Signal Minus	304072456	RNA_SEQ	True
MOHD_ER100001	MOHD_ER100001_R2.fastq.gz	Sequenced reads	2512555868	RNA_SEQ	False
MOHD_ER100001	MOHD_ER100001_signal-plus-unique_GRCh38_v0.bigWig	Unique Signal Plus	292489789	RNA_SEQ	True
MOHD_ER100001	MOHD_ER100001_align_GENCODE49_v0.bam	Aligned reads	8772470702	RNA_SEQ	False
MOHD_ER100001	MOHD_ER100001_R1.fastq.gz	Sequenced reads	2415919104	RNA_SEQ	False
MOHD_ER100001	MOHD_ER100001_align_GRCh38_v0.bam	Aligned reads	4531190497	RNA_SEQ	False
MOHD_ER100001	MOHD_ER100001_quant-gene_GENCODE49_v0.tsv.gz	Gene quantifications	4341104	RNA_SEQ	True
MOHD_ER100001	MOHD_ER100001_signal-minus-unique_GRCh38_v0.bigWig	Unique Signal Minus	284635955	RNA_SEQ	True
MOHD_ER100001	MOHD_ER100001_signal-plus-all_GRCh38_v0.bigWig	All Signal Plus	310116352	RNA_SEQ	True
MOHD_ER100001	MOHD_ER100001_quant-isoform_GENCODE49_v0.tsv.gz	Isoform quantifications	13442744	RNA_SEQ	True
MOHD_ER100002	MOHD_ER100002_signal-plus-all_GRCh38_v0.bigWig	All Signal Plus	237502464	RNA_SEQ	True
MOHD_ER100002	MOHD_ER100002_quant-isoform_GENCODE49_v0.tsv.gz	Isoform quantifications	13306429	RNA_SEQ	True
MOHD_ER100002	MOHD_ER100002_R1.fastq.gz	Sequenced reads	1245540515	RNA_SEQ	False
MOHD_ER100002	MOHD_ER100002_align_GENCODE49_v0.bam	Aligned reads	3854733148	RNA_SEQ	False
MOHD_ER100002	MOHD_ER100002_R2.fastq.gz	Sequenced reads	1299227607	RNA_SEQ	False
MOHD_ER100002	MOHD_ER100002_signal-minus-all_GRCh38_v0.bigWig	All Signal Minus	233161359	RNA_SEQ	True
MOHD_ER100002	MOHD_ER100002_align_GRCh38_v0.bam	Aligned reads	2405181685	RNA_SEQ	False
MOHD_ER100002	MOHD_ER100002_quant-gene_GENCODE49_v0.tsv.gz	Gene quantifications	4341104	RNA_SEQ	True
MOHD_ER100002	MOHD_ER100002_signal-minus-unique_GRCh38_v0.bigWig	Unique Signal Minus	216667258	RNA_SEQ	True
MOHD_ER100002	MOHD_ER100002_signal-plus-unique_GRCh38_v0.bigWig	Unique Signal Plus	221941596	RNA_SEQ	True
MOHD_ER100003	MOHD_ER100003_signal-plus-unique_GRCh38_v0.bigWig	Unique Signal Plus	265237299	RNA_SEQ	True
MOHD_ER100003	MOHD_ER100003_R2.fastq.gz	Sequenced reads	2168958484	RNA_SEQ	False
MOHD_ER100003	MOHD_ER100003_signal-plus-all_GRCh38_v0.bigWig	All Signal Plus	282318602	RNA_SEQ	True
MOHD_ER100003	MOHD_ER100003_signal-minus-unique_GRCh38_v0.bigWig	Unique Signal Minus	257834352	RNA_SEQ	True
MOHD_ER100003	MOHD_ER100003_align_GENCODE49_v0.bam	Aligned reads	7698728878	RNA_SEQ	False
MOHD_ER100003	MOHD_ER100003_quant-isoform_GENCODE49_v0.tsv.gz	Isoform quantifications	13400801	RNA_SEQ	True
MOHD_ER100003	MOHD_ER100003_R1.fastq.gz	Sequenced reads	2072321720	RNA_SEQ	False
MOHD_ER100003	MOHD_ER100003_signal-minus-all_GRCh38_v0.bigWig	All Signal Minus	276404633	RNA_SEQ	True
MOHD_ER100003	MOHD_ER100003_align_GRCh38_v0.bam	Aligned reads	3908420239	RNA_SEQ	False
MOHD_ER100003	MOHD_ER100003_quant-gene_GENCODE49_v0.tsv.gz	Gene quantifications	4341104	RNA_SEQ	True
MOHD_ER100004	MOHD_ER100004_R2.fastq.gz	Sequenced reads	1803886264	RNA_SEQ	False
MOHD_ER100004	MOHD_ER100004_signal-minus-all_GRCh38_v0.bigWig	All Signal Minus	270773780	RNA_SEQ	True
MOHD_ER100004	MOHD_ER100004_R1.fastq.gz	Sequenced reads	1728724336	RNA_SEQ	False
MOHD_ER100004	MOHD_ER100004_align_GRCh38_v0.bam	Aligned reads	3285649981	RNA_SEQ	False
MOHD_ER100004	MOHD_ER100004_quant-gene_GENCODE49_v0.tsv.gz	Gene quantifications	4372561	RNA_SEQ	True
MOHD_ER100004	MOHD_ER100004_signal-plus-all_GRCh38_v0.bigWig	All Signal Plus	275418972	RNA_SEQ	True
MOHD_ER100004	MOHD_ER100004_signal-plus-unique_GRCh38_v0.bigWig	Unique Signal Plus	256806748	RNA_SEQ	True
MOHD_ER100004	MOHD_ER100004_quant-isoform_GENCODE49_v0.tsv.gz	Isoform quantifications	13442744	RNA_SEQ	True
MOHD_ER100004	MOHD_ER100004_signal-minus-unique_GRCh38_v0.bigWig	Unique Signal Minus	251574353	RNA_SEQ	True
MOHD_ER100004	MOHD_ER100004_align_GENCODE49_v0.bam	Aligned reads	5411658792	RNA_SEQ	False
MOHD_ER100005	MOHD_ER100005_align_GRCh38_v0.bam	Aligned reads	4402341478	RNA_SEQ	False
MOHD_ER100005	MOHD_ER100005_quant-gene_GENCODE49_v0.tsv.gz	Gene quantifications	4320133	RNA_SEQ	True
MOHD_ER100005	MOHD_ER100005_signal-plus-unique_GRCh38_v0.bigWig	Unique Signal Plus	272797532	RNA_SEQ	True
MOHD_ER100005	MOHD_ER100005_signal-minus-all_GRCh38_v0.bigWig	All Signal Minus	282717061	RNA_SEQ	True
MOHD_ER100005	MOHD_ER100005_R1.fastq.gz	Sequenced reads	2362232012	RNA_SEQ	False
MOHD_ER100005	MOHD_ER100005_signal-minus-unique_GRCh38_v0.bigWig	Unique Signal Minus	263863664	RNA_SEQ	True
MOHD_ER100005	MOHD_ER100005_quant-isoform_GENCODE49_v0.tsv.gz	Isoform quantifications	13327400	RNA_SEQ	True
MOHD_ER100005	MOHD_ER100005_align_GENCODE49_v0.bam	Aligned reads	8815420375	RNA_SEQ	False
MOHD_ER100005	MOHD_ER100005_signal-plus-all_GRCh38_v0.bigWig	All Signal Plus	289899806	RNA_SEQ	True
MOHD_ER100005	MOHD_ER100005_R2.fastq.gz	Sequenced reads	2458868776	RNA_SEQ	False
MOHD_ER100006	MOHD_ER100006_quant-isoform_GENCODE49_v0.tsv.gz	Isoform quantifications	13442744	RNA_SEQ	True
MOHD_ER100006	MOHD_ER100006_align_GENCODE49_v0.bam	Aligned reads	7526930186	RNA_SEQ	False
MOHD_ER100006	MOHD_ER100006_signal-minus-all_GRCh38_v0.bigWig	All Signal Minus	296988180	RNA_SEQ	True
MOHD_ER100006	MOHD_ER100006_signal-plus-unique_GRCh38_v0.bigWig	Unique Signal Plus	286921850	RNA_SEQ	True
MOHD_ER100006	MOHD_ER100006_R1.fastq.gz	Sequenced reads	2372969431	RNA_SEQ	False
MOHD_ER100006	MOHD_ER100006_align_GRCh38_v0.bam	Aligned reads	4337916968	RNA_SEQ	False
MOHD_ER100006	MOHD_ER100006_R2.fastq.gz	Sequenced reads	2458868776	RNA_SEQ	False
MOHD_ER100006	MOHD_ER100006_signal-plus-all_GRCh38_v0.bigWig	All Signal Plus	304454041	RNA_SEQ	True
MOHD_ER100006	MOHD_ER100006_quant-gene_GENCODE49_v0.tsv.gz	Gene quantifications	4362076	RNA_SEQ	True
MOHD_ER100006	MOHD_ER100006_signal-minus-unique_GRCh38_v0.bigWig	Unique Signal Minus	278386442	RNA_SEQ	True
MOHD_ER100007	MOHD_ER100007_align_GENCODE49_v0.bam	Aligned reads	12068858101	RNA_SEQ	False
MOHD_ER100007	MOHD_ER100007_signal-plus-unique_GRCh38_v0.bigWig	Unique Signal Plus	350497013	RNA_SEQ	True
MOHD_ER100007	MOHD_ER100007_quant-gene_GENCODE49_v0.tsv.gz	Gene quantifications	4372561	RNA_SEQ	True
MOHD_ER100007	MOHD_ER100007_align_GRCh38_v0.bam	Aligned reads	6485400616	RNA_SEQ	False
MOHD_ER100007	MOHD_ER100007_R1.fastq.gz	Sequenced reads	3554085437	RNA_SEQ	False
MOHD_ER100007	MOHD_ER100007_quant-isoform_GENCODE49_v0.tsv.gz	Isoform quantifications	13547601	RNA_SEQ	True
MOHD_ER100007	MOHD_ER100007_signal-minus-unique_GRCh38_v0.bigWig	Unique Signal Minus	340619427	RNA_SEQ	True
MOHD_ER100007	MOHD_ER100007_signal-minus-all_GRCh38_v0.bigWig	All Signal Minus	365145620	RNA_SEQ	True
MOHD_ER100007	MOHD_ER100007_signal-plus-all_GRCh38_v0.bigWig	All Signal Plus	373743943	RNA_SEQ	True
MOHD_ER100007	MOHD_ER100007_R2.fastq.gz	Sequenced reads	3693671874	RNA_SEQ	False
MOHD_ER100008	MOHD_ER100008_quant-isoform_GENCODE49_v0.tsv.gz	Isoform quantifications	13537116	RNA_SEQ	True
MOHD_ER100008	MOHD_ER100008_R2.fastq.gz	Sequenced reads	3060164198	RNA_SEQ	False
MOHD_ER100008	MOHD_ER100008_quant-gene_GENCODE49_v0.tsv.gz	Gene quantifications	4372561	RNA_SEQ	True
MOHD_ER100008	MOHD_ER100008_signal-plus-all_GRCh38_v0.bigWig	All Signal Plus	350413127	RNA_SEQ	True
MOHD_ER100008	MOHD_ER100008_signal-minus-all_GRCh38_v0.bigWig	All Signal Minus	344174100	RNA_SEQ	True
MOHD_ER100008	MOHD_ER100008_R1.fastq.gz	Sequenced reads	2942052597	RNA_SEQ	False
MOHD_ER100008	MOHD_ER100008_align_GENCODE49_v0.bam	Aligned reads	9255654522	RNA_SEQ	False
MOHD_ER100008	MOHD_ER100008_signal-plus-unique_GRCh38_v0.bigWig	Unique Signal Plus	330112696	RNA_SEQ	True
MOHD_ER100008	MOHD_ER100008_signal-minus-unique_GRCh38_v0.bigWig	Unique Signal Minus	322017689	RNA_SEQ	True
MOHD_ER100008	MOHD_ER100008_align_GRCh38_v0.bam	Aligned reads	5400921374	RNA_SEQ	False
MOHD_ER100009	MOHD_ER100009_quant-gene_GENCODE49_v0.tsv.gz	Gene quantifications	4351590	RNA_SEQ	True
MOHD_ER100009	MOHD_ER100009_align_GRCh38_v0.bam	Aligned reads	3747358965	RNA_SEQ	False
MOHD_ER100009	MOHD_ER100009_signal-minus-unique_GRCh38_v0.bigWig	Unique Signal Minus	268666142	RNA_SEQ	True
MOHD_ER100009	MOHD_ER100009_signal-minus-all_GRCh38_v0.bigWig	All Signal Minus	285411901	RNA_SEQ	True
MOHD_ER100009	MOHD_ER100009_R1.fastq.gz	Sequenced reads	1964947537	RNA_SEQ	False
MOHD_ER100009	MOHD_ER100009_R2.fastq.gz	Sequenced reads	2061584302	RNA_SEQ	False
MOHD_ER100009	MOHD_ER100009_signal-plus-unique_GRCh38_v0.bigWig	Unique Signal Plus	274978570	RNA_SEQ	True
MOHD_ER100009	MOHD_ER100009_align_GENCODE49_v0.bam	Aligned reads	6270652252	RNA_SEQ	False
MOHD_ER100009	MOHD_ER100009_quant-isoform_GENCODE49_v0.tsv.gz	Isoform quantifications	13442744	RNA_SEQ	True
MOHD_ER100009	MOHD_ER100009_signal-plus-all_GRCh38_v0.bigWig	All Signal Plus	290738667	RNA_SEQ	True
MOHD_ER100010	MOHD_ER100010_R1.fastq.gz	Sequenced reads	1277752770	RNA_SEQ	False
MOHD_ER100010	MOHD_ER100010_R2.fastq.gz	Sequenced reads	1342177280	RNA_SEQ	False
MOHD_ER100010	MOHD_ER100010_signal-minus-all_GRCh38_v0.bigWig	All Signal Minus	228012851	RNA_SEQ	True
MOHD_ER100010	MOHD_ER100010_signal-minus-unique_GRCh38_v0.bigWig	Unique Signal Minus	213280358	RNA_SEQ	True
MOHD_ER100010	MOHD_ER100010_signal-plus-unique_GRCh38_v0.bigWig	Unique Signal Plus	218250608	RNA_SEQ	True
MOHD_ER100010	MOHD_ER100010_align_GENCODE49_v0.bam	Aligned reads	4337916968	RNA_SEQ	False
MOHD_ER100010	MOHD_ER100010_quant-gene_GENCODE49_v0.tsv.gz	Gene quantifications	4341104	RNA_SEQ	True
MOHD_ER100010	MOHD_ER100010_align_GRCh38_v0.bam	Aligned reads	2512555868	RNA_SEQ	False
MOHD_ER100010	MOHD_ER100010_signal-plus-all_GRCh38_v0.bigWig	All Signal Plus	232427356	RNA_SEQ	True
MOHD_ER100010	MOHD_ER100010_quant-isoform_GENCODE49_v0.tsv.gz	Isoform quantifications	13306429	RNA_SEQ	True
MOHD_ER100011	MOHD_ER100011_quant-isoform_GENCODE49_v0.tsv.gz	Isoform quantifications	13390315	RNA_SEQ	True
MOHD_ER100011	MOHD_ER100011_R2.fastq.gz	Sequenced reads	2222645575	RNA_SEQ	False
MOHD_ER100011	MOHD_ER100011_align_GRCh38_v0.bam	Aligned reads	3962107330	RNA_SEQ	False
MOHD_ER100011	MOHD_ER100011_signal-plus-unique_GRCh38_v0.bigWig	Unique Signal Plus	265751101	RNA_SEQ	True
MOHD_ER100011	MOHD_ER100011_quant-gene_GENCODE49_v0.tsv.gz	Gene quantifications	4341104	RNA_SEQ	True
MOHD_ER100011	MOHD_ER100011_align_GENCODE49_v0.bam	Aligned reads	7580617277	RNA_SEQ	False
MOHD_ER100011	MOHD_ER100011_signal-minus-unique_GRCh38_v0.bigWig	Unique Signal Minus	256827719	RNA_SEQ	True
MOHD_ER100011	MOHD_ER100011_signal-minus-all_GRCh38_v0.bigWig	All Signal Minus	276247347	RNA_SEQ	True
MOHD_ER100011	MOHD_ER100011_R1.fastq.gz	Sequenced reads	2136746229	RNA_SEQ	False
MOHD_ER100011	MOHD_ER100011_signal-plus-all_GRCh38_v0.bigWig	All Signal Plus	284531097	RNA_SEQ	True
MOHD_ER100012	MOHD_ER100012_signal-plus-unique_GRCh38_v0.bigWig	Unique Signal Plus	262584401	RNA_SEQ	True
MOHD_ER100012	MOHD_ER100012_quant-isoform_GENCODE49_v0.tsv.gz	Isoform quantifications	13432258	RNA_SEQ	True
MOHD_ER100012	MOHD_ER100012_quant-gene_GENCODE49_v0.tsv.gz	Gene quantifications	4362076	RNA_SEQ	True
MOHD_ER100012	MOHD_ER100012_signal-plus-all_GRCh38_v0.bigWig	All Signal Plus	279550361	RNA_SEQ	True
MOHD_ER100012	MOHD_ER100012_R1.fastq.gz	Sequenced reads	1911260446	RNA_SEQ	False
MOHD_ER100012	MOHD_ER100012_R2.fastq.gz	Sequenced reads	1997159792	RNA_SEQ	False
MOHD_ER100012	MOHD_ER100012_signal-minus-unique_GRCh38_v0.bigWig	Unique Signal Minus	256806748	RNA_SEQ	True
MOHD_ER100012	MOHD_ER100012_align_GRCh38_v0.bam	Aligned reads	3586297692	RNA_SEQ	False
MOHD_ER100012	MOHD_ER100012_align_GENCODE49_v0.bam	Aligned reads	6796785745	RNA_SEQ	False
MOHD_ER100012	MOHD_ER100012_signal-minus-all_GRCh38_v0.bigWig	All Signal Minus	273730764	RNA_SEQ	True
MOHD_ER100013	MOHD_ER100013_align_GRCh38_v0.bam	Aligned reads	3972844748	RNA_SEQ	False
MOHD_ER100013	MOHD_ER100013_signal-minus-unique_GRCh38_v0.bigWig	Unique Signal Minus	264325038	RNA_SEQ	True
MOHD_ER100013	MOHD_ER100013_quant-gene_GENCODE49_v0.tsv.gz	Gene quantifications	4351590	RNA_SEQ	True
MOHD_ER100013	MOHD_ER100013_R2.fastq.gz	Sequenced reads	2179695902	RNA_SEQ	False
MOHD_ER100013	MOHD_ER100013_signal-plus-unique_GRCh38_v0.bigWig	Unique Signal Plus	271654584	RNA_SEQ	True
MOHD_ER100013	MOHD_ER100013_signal-plus-all_GRCh38_v0.bigWig	All Signal Plus	288641515	RNA_SEQ	True
MOHD_ER100013	MOHD_ER100013_align_GENCODE49_v0.bam	Aligned reads	7161857966	RNA_SEQ	False
MOHD_ER100013	MOHD_ER100013_signal-minus-all_GRCh38_v0.bigWig	All Signal Minus	283042119	RNA_SEQ	True
MOHD_ER100013	MOHD_ER100013_quant-isoform_GENCODE49_v0.tsv.gz	Isoform quantifications	13421772	RNA_SEQ	True
MOHD_ER100013	MOHD_ER100013_R1.fastq.gz	Sequenced reads	2115271393	RNA_SEQ	False
MOHD_ER100014	MOHD_ER100014_signal-minus-all_GRCh38_v0.bigWig	All Signal Minus	297281781	RNA_SEQ	True
MOHD_ER100014	MOHD_ER100014_R2.fastq.gz	Sequenced reads	2319282339	RNA_SEQ	False
MOHD_ER100014	MOHD_ER100014_R1.fastq.gz	Sequenced reads	2222645575	RNA_SEQ	False
MOHD_ER100014	MOHD_ER100014_signal-plus-all_GRCh38_v0.bigWig	All Signal Plus	304191897	RNA_SEQ	True
MOHD_ER100014	MOHD_ER100014_signal-minus-unique_GRCh38_v0.bigWig	Unique Signal Minus	278533242	RNA_SEQ	True
MOHD_ER100014	MOHD_ER100014_signal-plus-unique_GRCh38_v0.bigWig	Unique Signal Plus	285558702	RNA_SEQ	True
MOHD_ER100014	MOHD_ER100014_quant-gene_GENCODE49_v0.tsv.gz	Gene quantifications	4372561	RNA_SEQ	True
MOHD_ER100014	MOHD_ER100014_align_GENCODE49_v0.bam	Aligned reads	7355131494	RNA_SEQ	False
MOHD_ER100014	MOHD_ER100014_quant-isoform_GENCODE49_v0.tsv.gz	Isoform quantifications	13505658	RNA_SEQ	True
MOHD_ER100014	MOHD_ER100014_align_GRCh38_v0.bam	Aligned reads	4166118277	RNA_SEQ	False
MOHD_ER100015	MOHD_ER100015_signal-plus-all_GRCh38_v0.bigWig	All Signal Plus	327763886	RNA_SEQ	True
MOHD_ER100015	MOHD_ER100015_align_GRCh38_v0.bam	Aligned reads	4788888535	RNA_SEQ	False
MOHD_ER100015	MOHD_ER100015_align_GENCODE49_v0.bam	Aligned reads	8396661063	RNA_SEQ	False
MOHD_ER100015	MOHD_ER100015_quant-isoform_GENCODE49_v0.tsv.gz	Isoform quantifications	13495173	RNA_SEQ	True
MOHD_ER100015	MOHD_ER100015_R2.fastq.gz	Sequenced reads	2716566814	RNA_SEQ	False
MOHD_ER100015	MOHD_ER100015_quant-gene_GENCODE49_v0.tsv.gz	Gene quantifications	4372561	RNA_SEQ	True
MOHD_ER100015	MOHD_ER100015_signal-plus-unique_GRCh38_v0.bigWig	Unique Signal Plus	308847575	RNA_SEQ	True
MOHD_ER100015	MOHD_ER100015_signal-minus-all_GRCh38_v0.bigWig	All Signal Minus	320958627	RNA_SEQ	True
MOHD_ER100015	MOHD_ER100015_signal-minus-unique_GRCh38_v0.bigWig	Unique Signal Minus	300364595	RNA_SEQ	True
MOHD_ER100015	MOHD_ER100015_R1.fastq.gz	Sequenced reads	2630667468	RNA_SEQ	False
MOHD_ER100011	MOHD_ER100011.tar.gz	Compressed Tar File	947959994	RNA_SEQ	True
MOHD_ER100006	MOHD_ER100006.tar.gz	Compressed Tar File	1033973544	RNA_SEQ	True
MOHD_ER100014	MOHD_ER100014.tar.gz	Compressed Tar File	1032086191	RNA_SEQ	True
MOHD_ER100015	MOHD_ER100015.tar.gz	Compressed Tar File	1123771783	RNA_SEQ	True
MOHD_ER100012	MOHD_ER100012.tar.gz	Compressed Tar File	937123893	RNA_SEQ	True
MOHD_ER100001	MOHD_ER100001.tar.gz	Compressed Tar File	1056413601	RNA_SEQ	True
MOHD_ER100009	MOHD_ER100009.tar.gz	Compressed Tar File	984123338	RNA_SEQ	True
MOHD_ER100003	MOHD_ER100003.tar.gz	Compressed Tar File	946931493	RNA_SEQ	True
MOHD_ER100004	MOHD_ER100004.tar.gz	Compressed Tar File	921458693	RNA_SEQ	True
MOHD_ER100002	MOHD_ER100002.tar.gz	Compressed Tar File	773993442	RNA_SEQ	True
MOHD_ER100005	MOHD_ER100005.tar.gz	Compressed Tar File	972044890	RNA_SEQ	True
MOHD_ER100008	MOHD_ER100008.tar.gz	Compressed Tar File	1212045900	RNA_SEQ	True
MOHD_ER100007	MOHD_ER100007.tar.gz	Compressed Tar File	1294721828	RNA_SEQ	True
MOHD_ER100010	MOHD_ER100010.tar.gz	Compressed Tar File	757574157	RNA_SEQ	True
MOHD_ER100013	MOHD_ER100013.tar.gz	Compressed Tar File	975527756	RNA_SEQ	True
RNA_allsamples	RNA_all_datasets.tar.gz	Compressed Tar File	14970186015	RNA_SEQ	True
MOHD_EB100001	MOHD_EB100001_DNAme-CpG-minus_GRCh38_v0.bigWig	Methylation Estimation Signal Minus CpG Context	251243828	WGBS	True
MOHD_EB100001	MOHD_EB100001_DNAme-cytosines_GRCh38_v0.bed.gz	Cytosine-level DNA methylation measurements	7408818585	WGBS	True
MOHD_EB100001	MOHD_EB100001_DNAme-CHH-minus_GRCh38_v0.bigWig	Methylation Estimation Signal Minus CHH Context	1964947537	WGBS	True
MOHD_EB100001	MOHD_EB100001_DNAme-CHG-minus_GRCh38_v0.bigWig	Methylation Estimation Signal Minus CHG Context	747320115	WGBS	True
MOHD_EB100001	MOHD_EB100001_coverage-minus_GRCh38_v0.bigWig	Pileup Signal Minus	4155380858	WGBS	True
MOHD_EB100001	MOHD_EB100001_R1.fastq.gz	Sequenced reads	29506425323	WGBS	False
MOHD_EB100001	MOHD_EB100001_align_GRCh38_v0.bam	Aligned reads	62341450301	WGBS	False
MOHD_EB100001	MOHD_EB100001_DNAme-CHG-plus_GRCh38_v0.bigWig	Methylation Estimation Signal Plus CHG Context	722531778	WGBS	True
MOHD_EB100001	MOHD_EB100001_coverage-plus_GRCh38_v0.bigWig	Pileup Signal Plus	4155380858	WGBS	True
MOHD_EB100001	MOHD_EB100001_DNAme-CHH-plus_GRCh38_v0.bigWig	Methylation Estimation Signal Plus CHH Context	1911260446	WGBS	True
MOHD_EB100001	MOHD_EB100001_R2.fastq.gz	Sequenced reads	31363998679	WGBS	False
MOHD_EB100002	MOHD_EB100002_align_GRCh38_v0.bam	Aligned reads	63415192125	WGBS	False
MOHD_EB100002	MOHD_EB100002_DNAme-CHG-minus_GRCh38_v0.bigWig	Methylation Estimation Signal Minus CHG Context	751839477	WGBS	True
MOHD_EB100002	MOHD_EB100002_R1.fastq.gz	Sequenced reads	30236569763	WGBS	False
MOHD_EB100002	MOHD_EB100002_DNAme-cytosines_GRCh38_v0.bed.gz	Cytosine-level DNA methylation measurements	7441030840	WGBS	True
MOHD_EB100002	MOHD_EB100002_DNAme-CHH-plus_GRCh38_v0.bigWig	Methylation Estimation Signal Plus CHH Context	1932735283	WGBS	True
MOHD_EB100002	MOHD_EB100002_DNAme-CHH-minus_GRCh38_v0.bigWig	Methylation Estimation Signal Minus CHH Context	1964947537	WGBS	True
MOHD_EB100002	MOHD_EB100002_DNAme-CHG-plus_GRCh38_v0.bigWig	Methylation Estimation Signal Plus CHG Context	729242664	WGBS	True
MOHD_EB100002	MOHD_EB100002_R2.fastq.gz	Sequenced reads	32061930864	WGBS	False
MOHD_EB100002	MOHD_EB100002_coverage-minus_GRCh38_v0.bigWig	Pileup Signal Minus	4230542786	WGBS	True
MOHD_EB100002	MOHD_EB100002_DNAme-CpG-minus_GRCh38_v0.bigWig	Methylation Estimation Signal Minus CpG Context	250850836	WGBS	True
MOHD_EB100002	MOHD_EB100002_coverage-plus_GRCh38_v0.bigWig	Pileup Signal Plus	4230542786	WGBS	True
MOHD_EB100002	MOHD_EB100002_DNAme-CpG-plus_GRCh38_v0.bigWig	Methylation Estimation Signal Plus CpG Context	248722227	WGBS	True
MOHD_EB100003	MOHD_EB100003_align_GRCh38_v0.bam	Aligned reads	38976828211	WGBS	False
MOHD_EB100003	MOHD_EB100003_coverage-plus_GRCh38_v0.bigWig	Pileup Signal Plus	2061584302	WGBS	True
MOHD_EB100003	MOHD_EB100003_DNAme-CHH-plus_GRCh38_v0.bigWig	Methylation Estimation Signal Plus CHH Context	1728724336	WGBS	True
MOHD_EB100003	MOHD_EB100003_DNAme-CpG-plus_GRCh38_v0.bigWig	Methylation Estimation Signal Plus CpG Context	232238612	WGBS	True
MOHD_EB100003	MOHD_EB100003_R1.fastq.gz	Sequenced reads	19993072762	WGBS	False
MOHD_EB100003	MOHD_EB100003_DNAme-CHH-minus_GRCh38_v0.bigWig	Methylation Estimation Signal Minus CHH Context	1760936591	WGBS	True
MOHD_EB100003	MOHD_EB100003_coverage-minus_GRCh38_v0.bigWig	Pileup Signal Minus	2061584302	WGBS	True
MOHD_EB100003	MOHD_EB100003_DNAme-cytosines_GRCh38_v0.bed.gz	Cytosine-level DNA methylation measurements	6904159928	WGBS	True
MOHD_EB100003	MOHD_EB100003_DNAme-CHG-plus_GRCh38_v0.bigWig	Methylation Estimation Signal Plus CHG Context	666873364	WGBS	True
MOHD_EB100003	MOHD_EB100003_R2.fastq.gz	Sequenced reads	21625160335	WGBS	False
MOHD_EB100003	MOHD_EB100003_DNAme-CpG-minus_GRCh38_v0.bigWig	Methylation Estimation Signal Minus CpG Context	235457740	WGBS	True
MOHD_EB100003	MOHD_EB100003_DNAme-CHG-minus_GRCh38_v0.bigWig	Methylation Estimation Signal Minus CHG Context	681459056	WGBS	True
MOHD_EB100004	MOHD_EB100004_DNAme-CHH-plus_GRCh38_v0.bigWig	Methylation Estimation Signal Plus CHH Context	1932735283	WGBS	True
MOHD_EB100004	MOHD_EB100004_DNAme-CHG-plus_GRCh38_v0.bigWig	Methylation Estimation Signal Plus CHG Context	728760320	WGBS	True
MOHD_EB100004	MOHD_EB100004_DNAme-cytosines_GRCh38_v0.bed.gz	Cytosine-level DNA methylation measurements	7441030840	WGBS	True
MOHD_EB100004	MOHD_EB100004_coverage-minus_GRCh38_v0.bigWig	Pileup Signal Minus	4058744094	WGBS	True
MOHD_EB100004	MOHD_EB100004_R2.fastq.gz	Sequenced reads	30236569763	WGBS	False
MOHD_EB100004	MOHD_EB100004_DNAme-CHH-minus_GRCh38_v0.bigWig	Methylation Estimation Signal Minus CHH Context	1964947537	WGBS	True
MOHD_EB100004	MOHD_EB100004_DNAme-CHG-minus_GRCh38_v0.bigWig	Methylation Estimation Signal Minus CHG Context	749847183	WGBS	True
MOHD_EB100004	MOHD_EB100004_DNAme-CpG-minus_GRCh38_v0.bigWig	Methylation Estimation Signal Minus CpG Context	252287385	WGBS	True
MOHD_EB100004	MOHD_EB100004_DNAme-CpG-plus_GRCh38_v0.bigWig	Methylation Estimation Signal Plus CpG Context	250536263	WGBS	True
MOHD_EB100004	MOHD_EB100004_coverage-plus_GRCh38_v0.bigWig	Pileup Signal Plus	4058744094	WGBS	True
MOHD_EB100004	MOHD_EB100004_R1.fastq.gz	Sequenced reads	28636694446	WGBS	False
MOHD_EB100004	MOHD_EB100004_align_GRCh38_v0.bam	Aligned reads	58819577118	WGBS	False
MOHD_EB100005	MOHD_EB100005_DNAme-cytosines_GRCh38_v0.bed.gz	Cytosine-level DNA methylation measurements	7387343749	WGBS	True
MOHD_EB100005	MOHD_EB100005_DNAme-CHG-plus_GRCh38_v0.bigWig	Methylation Estimation Signal Plus CHG Context	725813821	WGBS	True
MOHD_EB100005	MOHD_EB100005_DNAme-CHG-minus_GRCh38_v0.bigWig	Methylation Estimation Signal Minus CHG Context	745443164	WGBS	True
MOHD_EB100005	MOHD_EB100005_coverage-minus_GRCh38_v0.bigWig	Pileup Signal Minus	3994319585	WGBS	True
MOHD_EB100005	MOHD_EB100005_DNAme-CHH-plus_GRCh38_v0.bigWig	Methylation Estimation Signal Plus CHH Context	1900523028	WGBS	True
MOHD_EB100005	MOHD_EB100005_align_GRCh38_v0.bam	Aligned reads	58089432678	WGBS	False
MOHD_EB100005	MOHD_EB100005_R1.fastq.gz	Sequenced reads	28486370590	WGBS	False
MOHD_EB100005	MOHD_EB100005_R2.fastq.gz	Sequenced reads	30075508490	WGBS	False
MOHD_EB100005	MOHD_EB100005_coverage-plus_GRCh38_v0.bigWig	Pileup Signal Plus	3983582167	WGBS	True
MOHD_EB100005	MOHD_EB100005_DNAme-CHH-minus_GRCh38_v0.bigWig	Methylation Estimation Signal Minus CHH Context	1932735283	WGBS	True
MOHD_EB100005	MOHD_EB100005_DNAme-CpG-minus_GRCh38_v0.bigWig	Methylation Estimation Signal Minus CpG Context	252402728	WGBS	True
MOHD_EB100005	MOHD_EB100005_DNAme-CpG-plus_GRCh38_v0.bigWig	Methylation Estimation Signal Plus CpG Context	250903265	WGBS	True
MOHD_EB100006	MOHD_EB100006_DNAme-cytosines_GRCh38_v0.bed.gz	Cytosine-level DNA methylation measurements	7376606330	WGBS	True
MOHD_EB100006	MOHD_EB100006_coverage-plus_GRCh38_v0.bigWig	Pileup Signal Plus	3768833802	WGBS	True
MOHD_EB100006	MOHD_EB100006_align_GRCh38_v0.bam	Aligned reads	51797305589	WGBS	False
MOHD_EB100006	MOHD_EB100006_DNAme-CHH-plus_GRCh38_v0.bigWig	Methylation Estimation Signal Plus CHH Context	1911260446	WGBS	True
MOHD_EB100006	MOHD_EB100006_R2.fastq.gz	Sequenced reads	26768383672	WGBS	False
MOHD_EB100006	MOHD_EB100006_R1.fastq.gz	Sequenced reads	25308094791	WGBS	False
MOHD_EB100006	MOHD_EB100006_DNAme-CHH-minus_GRCh38_v0.bigWig	Methylation Estimation Signal Minus CHH Context	1943472701	WGBS	True
MOHD_EB100006	MOHD_EB100006_DNAme-CHG-minus_GRCh38_v0.bigWig	Methylation Estimation Signal Minus CHG Context	739256565	WGBS	True
MOHD_EB100006	MOHD_EB100006_coverage-minus_GRCh38_v0.bigWig	Pileup Signal Minus	3779571220	WGBS	True
MOHD_EB100006	MOHD_EB100006_DNAme-CpG-minus_GRCh38_v0.bigWig	Methylation Estimation Signal Minus CpG Context	248040652	WGBS	True
MOHD_EB100006	MOHD_EB100006_DNAme-CpG-plus_GRCh38_v0.bigWig	Methylation Estimation Signal Plus CpG Context	246394388	WGBS	True
MOHD_EB100006	MOHD_EB100006_DNAme-CHG-plus_GRCh38_v0.bigWig	Methylation Estimation Signal Plus CHG Context	721556602	WGBS	True
MOHD_EB100007	MOHD_EB100007_DNAme-CHG-plus_GRCh38_v0.bigWig	Methylation Estimation Signal Plus CHG Context	726180823	WGBS	True
MOHD_EB100007	MOHD_EB100007_DNAme-CHG-minus_GRCh38_v0.bigWig	Methylation Estimation Signal Minus CHG Context	747781488	WGBS	True
MOHD_EB100007	MOHD_EB100007_coverage-plus_GRCh38_v0.bigWig	Pileup Signal Plus	3940632494	WGBS	True
MOHD_EB100007	MOHD_EB100007_DNAme-CHH-minus_GRCh38_v0.bigWig	Methylation Estimation Signal Minus CHH Context	1964947537	WGBS	True
MOHD_EB100007	MOHD_EB100007_DNAme-CpG-plus_GRCh38_v0.bigWig	Methylation Estimation Signal Plus CpG Context	244402094	WGBS	True
MOHD_EB100007	MOHD_EB100007_DNAme-cytosines_GRCh38_v0.bed.gz	Cytosine-level DNA methylation measurements	7398081167	WGBS	True
MOHD_EB100007	MOHD_EB100007_coverage-minus_GRCh38_v0.bigWig	Pileup Signal Minus	3940632494	WGBS	True
MOHD_EB100007	MOHD_EB100007_DNAme-CHH-plus_GRCh38_v0.bigWig	Methylation Estimation Signal Plus CHH Context	1921997864	WGBS	True
MOHD_EB100007	MOHD_EB100007_R1.fastq.gz	Sequenced reads	27047556546	WGBS	False
MOHD_EB100007	MOHD_EB100007_align_GRCh38_v0.bam	Aligned reads	56543244451	WGBS	False
MOHD_EB100007	MOHD_EB100007_DNAme-CpG-minus_GRCh38_v0.bigWig	Methylation Estimation Signal Minus CpG Context	246803333	WGBS	True
MOHD_EB100007	MOHD_EB100007_R2.fastq.gz	Sequenced reads	28668906700	WGBS	False
MOHD_EB100008	MOHD_EB100008_DNAme-CHH-plus_GRCh38_v0.bigWig	Methylation Estimation Signal Plus CHH Context	1932735283	WGBS	True
MOHD_EB100008	MOHD_EB100008_DNAme-cytosines_GRCh38_v0.bed.gz	Cytosine-level DNA methylation measurements	7451768258	WGBS	True
MOHD_EB100008	MOHD_EB100008_DNAme-CHG-plus_GRCh38_v0.bigWig	Methylation Estimation Signal Plus CHG Context	732220620	WGBS	True
MOHD_EB100008	MOHD_EB100008_coverage-plus_GRCh38_v0.bigWig	Pileup Signal Plus	4305704714	WGBS	True
MOHD_EB100008	MOHD_EB100008_DNAme-CHG-minus_GRCh38_v0.bigWig	Methylation Estimation Signal Minus CHG Context	757533245	WGBS	True
MOHD_EB100008	MOHD_EB100008_align_GRCh38_v0.bam	Aligned reads	65755949301	WGBS	False
MOHD_EB100008	MOHD_EB100008_R2.fastq.gz	Sequenced reads	33114197852	WGBS	False
MOHD_EB100008	MOHD_EB100008_DNAme-CpG-plus_GRCh38_v0.bigWig	Methylation Estimation Signal Plus CpG Context	246562160	WGBS	True
MOHD_EB100008	MOHD_EB100008_DNAme-CpG-minus_GRCh38_v0.bigWig	Methylation Estimation Signal Minus CpG Context	249236029	WGBS	True
MOHD_EB100008	MOHD_EB100008_R1.fastq.gz	Sequenced reads	31020401295	WGBS	False
MOHD_EB100008	MOHD_EB100008_DNAme-CHH-minus_GRCh38_v0.bigWig	Methylation Estimation Signal Minus CHH Context	1986422374	WGBS	True
MOHD_EB100008	MOHD_EB100008_coverage-minus_GRCh38_v0.bigWig	Pileup Signal Minus	4305704714	WGBS	True
MOHD_EB100009	MOHD_EB100009_align_GRCh38_v0.bam	Aligned reads	73089605959	WGBS	False
MOHD_EB100009	MOHD_EB100009_DNAme-CpG-plus_GRCh38_v0.bigWig	Methylation Estimation Signal Plus CpG Context	248019681	WGBS	True
MOHD_EB100009	MOHD_EB100009_DNAme-CHH-plus_GRCh38_v0.bigWig	Methylation Estimation Signal Plus CHH Context	1943472701	WGBS	True
MOHD_EB100009	MOHD_EB100009_DNAme-cytosines_GRCh38_v0.bed.gz	Cytosine-level DNA methylation measurements	7494717931	WGBS	True
MOHD_EB100009	MOHD_EB100009_R1.fastq.gz	Sequenced reads	34649648660	WGBS	False
MOHD_EB100009	MOHD_EB100009_DNAme-CHG-minus_GRCh38_v0.bigWig	Methylation Estimation Signal Minus CHG Context	760783831	WGBS	True
MOHD_EB100009	MOHD_EB100009_R2.fastq.gz	Sequenced reads	36883031654	WGBS	False
MOHD_EB100009	MOHD_EB100009_DNAme-CpG-minus_GRCh38_v0.bigWig	Methylation Estimation Signal Minus CpG Context	250641121	WGBS	True
MOHD_EB100009	MOHD_EB100009_coverage-minus_GRCh38_v0.bigWig	Pileup Signal Minus	4574140170	WGBS	True
MOHD_EB100009	MOHD_EB100009_DNAme-CHG-plus_GRCh38_v0.bigWig	Methylation Estimation Signal Plus CHG Context	734852546	WGBS	True
MOHD_EB100009	MOHD_EB100009_coverage-plus_GRCh38_v0.bigWig	Pileup Signal Plus	4574140170	WGBS	True
MOHD_EB100009	MOHD_EB100009_DNAme-CHH-minus_GRCh38_v0.bigWig	Methylation Estimation Signal Minus CHH Context	1986422374	WGBS	True
MOHD_EB100010	MOHD_EB100010_coverage-minus_GRCh38_v0.bigWig	Pileup Signal Minus	3929895075	WGBS	True
MOHD_EB100010	MOHD_EB100010_R1.fastq.gz	Sequenced reads	26167088250	WGBS	False
MOHD_EB100010	MOHD_EB100010_DNAme-CHH-plus_GRCh38_v0.bigWig	Methylation Estimation Signal Plus CHH Context	1911260446	WGBS	True
MOHD_EB100010	MOHD_EB100010_DNAme-CpG-plus_GRCh38_v0.bigWig	Methylation Estimation Signal Plus CpG Context	245094154	WGBS	True
MOHD_EB100010	MOHD_EB100010_align_GRCh38_v0.bam	Aligned reads	56629143797	WGBS	False
MOHD_EB100010	MOHD_EB100010_DNAme-cytosines_GRCh38_v0.bed.gz	Cytosine-level DNA methylation measurements	7376606330	WGBS	True
MOHD_EB100010	MOHD_EB100010_DNAme-CHH-minus_GRCh38_v0.bigWig	Methylation Estimation Signal Minus CHH Context	1954210119	WGBS	True
MOHD_EB100010	MOHD_EB100010_DNAme-CHG-plus_GRCh38_v0.bigWig	Methylation Estimation Signal Plus CHG Context	721588060	WGBS	True
MOHD_EB100010	MOHD_EB100010_DNAme-CHG-minus_GRCh38_v0.bigWig	Methylation Estimation Signal Minus CHG Context	744751104	WGBS	True
MOHD_EB100010	MOHD_EB100010_coverage-plus_GRCh38_v0.bigWig	Pileup Signal Plus	3929895075	WGBS	True
MOHD_EB100010	MOHD_EB100010_R2.fastq.gz	Sequenced reads	28336046735	WGBS	False
MOHD_EB100010	MOHD_EB100010_DNAme-CpG-minus_GRCh38_v0.bigWig	Methylation Estimation Signal Minus CpG Context	247883366	WGBS	True
MOHD_EB100011	MOHD_EB100011_DNAme-CpG-plus_GRCh38_v0.bigWig	Methylation Estimation Signal Plus CpG Context	248816599	WGBS	True
MOHD_EB100011	MOHD_EB100011_DNAme-cytosines_GRCh38_v0.bed.gz	Cytosine-level DNA methylation measurements	7430293422	WGBS	True
MOHD_EB100011	MOHD_EB100011_DNAme-CHH-minus_GRCh38_v0.bigWig	Methylation Estimation Signal Minus CHH Context	1964947537	WGBS	True
MOHD_EB100011	MOHD_EB100011_coverage-plus_GRCh38_v0.bigWig	Pileup Signal Plus	4209067950	WGBS	True
MOHD_EB100011	MOHD_EB100011_align_GRCh38_v0.bam	Aligned reads	64381559767	WGBS	False
MOHD_EB100011	MOHD_EB100011_DNAme-CHG-plus_GRCh38_v0.bigWig	Methylation Estimation Signal Plus CHG Context	720875028	WGBS	True
MOHD_EB100011	MOHD_EB100011_R1.fastq.gz	Sequenced reads	30064771072	WGBS	False
MOHD_EB100011	MOHD_EB100011_DNAme-CHH-plus_GRCh38_v0.bigWig	Methylation Estimation Signal Plus CHH Context	1921997864	WGBS	True
MOHD_EB100011	MOHD_EB100011_DNAme-CpG-minus_GRCh38_v0.bigWig	Methylation Estimation Signal Minus CpG Context	251333181	WGBS	True
MOHD_EB100011	MOHD_EB100011_R2.fastq.gz	Sequenced reads	32491427594	WGBS	False
MOHD_EB100011	MOHD_EB100011_DNAme-CHG-minus_GRCh38_v0.bigWig	Methylation Estimation Signal Minus CHG Context	744939847	WGBS	True
MOHD_EB100011	MOHD_EB100011_coverage-minus_GRCh38_v0.bigWig	Pileup Signal Minus	4209067950	WGBS	True
MOHD_EB100012	MOHD_EB100012_DNAme-CHG-plus_GRCh38_v0.bigWig	Methylation Estimation Signal Plus CHG Context	720633856	WGBS	True
MOHD_EB100012	MOHD_EB100012_DNAme-CHH-minus_GRCh38_v0.bigWig	Methylation Estimation Signal Minus CHH Context	1954210119	WGBS	True
MOHD_EB100012	MOHD_EB100012_align_GRCh38_v0.bam	Aligned reads	59474559631	WGBS	False
MOHD_EB100012	MOHD_EB100012_DNAme-CpG-minus_GRCh38_v0.bigWig	Methylation Estimation Signal Minus CpG Context	247956766	WGBS	True
MOHD_EB100012	MOHD_EB100012_coverage-minus_GRCh38_v0.bigWig	Pileup Signal Minus	4048006676	WGBS	True
MOHD_EB100012	MOHD_EB100012_coverage-plus_GRCh38_v0.bigWig	Pileup Signal Plus	4048006676	WGBS	True
MOHD_EB100012	MOHD_EB100012_DNAme-CpG-plus_GRCh38_v0.bigWig	Methylation Estimation Signal Plus CpG Context	244978810	WGBS	True
MOHD_EB100012	MOHD_EB100012_DNAme-cytosines_GRCh38_v0.bed.gz	Cytosine-level DNA methylation measurements	7387343749	WGBS	True
MOHD_EB100012	MOHD_EB100012_R1.fastq.gz	Sequenced reads	27541477785	WGBS	False
MOHD_EB100012	MOHD_EB100012_DNAme-CHG-minus_GRCh38_v0.bigWig	Methylation Estimation Signal Minus CHG Context	746019880	WGBS	True
MOHD_EB100012	MOHD_EB100012_R2.fastq.gz	Sequenced reads	29764123361	WGBS	False
MOHD_EB100012	MOHD_EB100012_DNAme-CHH-plus_GRCh38_v0.bigWig	Methylation Estimation Signal Plus CHH Context	1911260446	WGBS	True
MOHD_EB100013	MOHD_EB100013_R1.fastq.gz	Sequenced reads	26435523706	WGBS	False
MOHD_EB100013	MOHD_EB100013_R2.fastq.gz	Sequenced reads	27724013895	WGBS	False
MOHD_EB100013	MOHD_EB100013_align_GRCh38_v0.bam	Aligned reads	55201067171	WGBS	False
MOHD_EB100013	MOHD_EB100013_DNAme-CHH-minus_GRCh38_v0.bigWig	Methylation Estimation Signal Minus CHH Context	1943472701	WGBS	True
MOHD_EB100013	MOHD_EB100013_coverage-minus_GRCh38_v0.bigWig	Pileup Signal Minus	3886945402	WGBS	True
MOHD_EB100013	MOHD_EB100013_DNAme-cytosines_GRCh38_v0.bed.gz	Cytosine-level DNA methylation measurements	7365868912	WGBS	True
MOHD_EB100013	MOHD_EB100013_DNAme-CHG-minus_GRCh38_v0.bigWig	Methylation Estimation Signal Minus CHG Context	741112545	WGBS	True
MOHD_EB100013	MOHD_EB100013_DNAme-CHH-plus_GRCh38_v0.bigWig	Methylation Estimation Signal Plus CHH Context	1900523028	WGBS	True
MOHD_EB100013	MOHD_EB100013_DNAme-CpG-minus_GRCh38_v0.bigWig	Methylation Estimation Signal Minus CpG Context	248952913	WGBS	True
MOHD_EB100013	MOHD_EB100013_DNAme-CHG-plus_GRCh38_v0.bigWig	Methylation Estimation Signal Plus CHG Context	719763537	WGBS	True
MOHD_EB100013	MOHD_EB100013_DNAme-CpG-plus_GRCh38_v0.bigWig	Methylation Estimation Signal Plus CpG Context	246824304	WGBS	True
MOHD_EB100013	MOHD_EB100013_coverage-plus_GRCh38_v0.bigWig	Pileup Signal Plus	3886945402	WGBS	True
MOHD_EB100014	MOHD_EB100014_DNAme-cytosines_GRCh38_v0.bed.gz	Cytosine-level DNA methylation measurements	7376606330	WGBS	True
MOHD_EB100014	MOHD_EB100014_DNAme-CHH-minus_GRCh38_v0.bigWig	Methylation Estimation Signal Minus CHH Context	1943472701	WGBS	True
MOHD_EB100014	MOHD_EB100014_align_GRCh38_v0.bam	Aligned reads	54846732369	WGBS	False
MOHD_EB100014	MOHD_EB100014_coverage-plus_GRCh38_v0.bigWig	Pileup Signal Plus	3854733148	WGBS	True
MOHD_EB100014	MOHD_EB100014_coverage-minus_GRCh38_v0.bigWig	Pileup Signal Minus	3865470566	WGBS	True
MOHD_EB100014	MOHD_EB100014_DNAme-CHH-plus_GRCh38_v0.bigWig	Methylation Estimation Signal Plus CHH Context	1911260446	WGBS	True
MOHD_EB100014	MOHD_EB100014_DNAme-CpG-minus_GRCh38_v0.bigWig	Methylation Estimation Signal Minus CpG Context	248124538	WGBS	True
MOHD_EB100014	MOHD_EB100014_DNAme-CHG-plus_GRCh38_v0.bigWig	Methylation Estimation Signal Plus CHG Context	719469936	WGBS	True
MOHD_EB100014	MOHD_EB100014_R2.fastq.gz	Sequenced reads	27659589386	WGBS	False
MOHD_EB100014	MOHD_EB100014_R1.fastq.gz	Sequenced reads	25823490867	WGBS	False
MOHD_EB100014	MOHD_EB100014_DNAme-CHG-minus_GRCh38_v0.bigWig	Methylation Estimation Signal Minus CHG Context	741185945	WGBS	True
MOHD_EB100014	MOHD_EB100014_DNAme-CpG-plus_GRCh38_v0.bigWig	Methylation Estimation Signal Plus CpG Context	245691842	WGBS	True
MOHD_EB100015	MOHD_EB100015_R1.fastq.gz	Sequenced reads	29957396889	WGBS	False
MOHD_EB100015	MOHD_EB100015_align_GRCh38_v0.bam	Aligned reads	64220498493	WGBS	False
MOHD_EB100015	MOHD_EB100015_DNAme-CHG-plus_GRCh38_v0.bigWig	Methylation Estimation Signal Plus CHG Context	734967889	WGBS	True
MOHD_EB100015	MOHD_EB100015_DNAme-CHG-minus_GRCh38_v0.bigWig	Methylation Estimation Signal Minus CHG Context	758130933	WGBS	True
MOHD_EB100015	MOHD_EB100015_DNAme-cytosines_GRCh38_v0.bed.gz	Cytosine-level DNA methylation measurements	7483980513	WGBS	True
MOHD_EB100015	MOHD_EB100015_DNAme-CHH-plus_GRCh38_v0.bigWig	Methylation Estimation Signal Plus CHH Context	1943472701	WGBS	True
MOHD_EB100015	MOHD_EB100015_DNAme-CpG-minus_GRCh38_v0.bigWig	Methylation Estimation Signal Minus CpG Context	251207352	WGBS	True
MOHD_EB100015	MOHD_EB100015_DNAme-CpG-plus_GRCh38_v0.bigWig	Methylation Estimation Signal Plus CpG Context	248732712	WGBS	True
MOHD_EB100015	MOHD_EB100015_coverage-plus_GRCh38_v0.bigWig	Pileup Signal Plus	4219805368	WGBS	True
MOHD_EB100015	MOHD_EB100015_coverage-minus_GRCh38_v0.bigWig	Pileup Signal Minus	4219805368	WGBS	True
MOHD_EB100015	MOHD_EB100015_R2.fastq.gz	Sequenced reads	32448477921	WGBS	False
MOHD_EB100015	MOHD_EB100015_DNAme-CHH-minus_GRCh38_v0.bigWig	Methylation Estimation Signal Minus CHH Context	1986422374	WGBS	True
WGBS_allsamples	WGBS_all_datasets.tar.gz	Compressed Tar File	299067997194	WGBS	True
MOHD_EB100009	MOHD_EB100009.tar.gz	Compressed Tar File	21367633833	WGBS	True
MOHD_EB100004	MOHD_EB100004.tar.gz	Compressed Tar File	20266577945	WGBS	True
MOHD_EB100012	MOHD_EB100012.tar.gz	Compressed Tar File	20136656061	WGBS	True
MOHD_EB100007	MOHD_EB100007.tar.gz	Compressed Tar File	19994905490	WGBS	True
MOHD_EB100014	MOHD_EB100014.tar.gz	Compressed Tar File	19753458375	WGBS	True
MOHD_EB100006	MOHD_EB100006.tar.gz	Compressed Tar File	19573116876	WGBS	True
MOHD_EB100011	MOHD_EB100011.tar.gz	Compressed Tar File	20503544834	WGBS	True
MOHD_EB100015	MOHD_EB100015.tar.gz	Compressed Tar File	20676129167	WGBS	True
MOHD_EB100013	MOHD_EB100013.tar.gz	Compressed Tar File	19777099628	WGBS	True
MOHD_EB100001	MOHD_EB100001.tar.gz	Compressed Tar File	20377984596	WGBS	True
MOHD_EB100005	MOHD_EB100005.tar.gz	Compressed Tar File	19972450623	WGBS	True
MOHD_EB100003	MOHD_EB100003.tar.gz	Compressed Tar File	15344817898	WGBS	True
MOHD_EB100008	MOHD_EB100008.tar.gz	Compressed Tar File	20800223949	WGBS	True
MOHD_EB100002	MOHD_EB100002.tar.gz	Compressed Tar File	20612871774	WGBS	True
MOHD_EB100010	MOHD_EB100010.tar.gz	Compressed Tar File	19910452826	WGBS	True
MOHD_EB100001	MOHD_EB100001_DNAme-CpG-plus_GRCh38_v0.bigWig	Methylation Estimation Signal Plus CpG Context	251238809	WGBS	True
MOHD_EG100001	MOHD_EG100001_align_GRCh38_v0.cram	Aligned reads	8994937821	WGS	False
MOHD_EG100001	MOHD_EG100001_reblock-gvcf_GRCh38_v0.vcf.gz	Reblocked gVCF	1181116006	WGS	False
MOHD_EG100001	MOHD_EG100001_R2.fastq.gz	Sequenced reads	23257247907	WGS	False
MOHD_EG100001	MOHD_EG100001_R1.fastq.gz	Sequenced reads	23042499543	WGS	False
MOHD_EG100002	MOHD_EG100002_reblock-gvcf_GRCh38_v0.vcf.gz	Reblocked gVCF	1073741824	WGS	False
MOHD_EG100002	MOHD_EG100002_R1.fastq.gz	Sequenced reads	24384676823	WGS	False
MOHD_EG100002	MOHD_EG100002_R2.fastq.gz	Sequenced reads	24620900024	WGS	False
MOHD_EG100002	MOHD_EG100002_align_GRCh38_v0.cram	Aligned reads	9631464161	WGS	False
MOHD_EG100003	MOHD_EG100003_reblock-gvcf_GRCh38_v0.vcf.gz	Reblocked gVCF	685066158	WGS	False
MOHD_EG100003	MOHD_EG100003_R1.fastq.gz	Sequenced reads	56188909649	WGS	False
MOHD_EG100003	MOHD_EG100003_R2.fastq.gz	Sequenced reads	56360708341	WGS	False
MOHD_EG100003	MOHD_EG100003_align_GRCh38_v0.cram	Aligned reads	22237193175	WGS	False
MOHD_EG100004	MOHD_EG100004_R1.fastq.gz	Sequenced reads	35454955028	WGS	False
MOHD_EG100004	MOHD_EG100004_align_GRCh38_v0.cram	Aligned reads	13507672145	WGS	False
MOHD_EG100004	MOHD_EG100004_R2.fastq.gz	Sequenced reads	35873714339	WGS	False
MOHD_EG100004	MOHD_EG100004_reblock-gvcf_GRCh38_v0.vcf.gz	Reblocked gVCF	837151621	WGS	False
MOHD_EG100005	MOHD_EG100005_R1.fastq.gz	Sequenced reads	34606698987	WGS	False
MOHD_EG100005	MOHD_EG100005_reblock-gvcf_GRCh38_v0.vcf.gz	Reblocked gVCF	868011212	WGS	False
MOHD_EG100005	MOHD_EG100005_align_GRCh38_v0.cram	Aligned reads	12841952215	WGS	False
MOHD_EG100005	MOHD_EG100005_R2.fastq.gz	Sequenced reads	34810709934	WGS	False
MOHD_EG100006	MOHD_EG100006_R2.fastq.gz	Sequenced reads	37870874132	WGS	False
MOHD_EG100006	MOHD_EG100006_R1.fastq.gz	Sequenced reads	38031935406	WGS	False
MOHD_EG100006	MOHD_EG100006_reblock-gvcf_GRCh38_v0.vcf.gz	Reblocked gVCF	711049871	WGS	False
MOHD_EG100006	MOHD_EG100006_align_GRCh38_v0.cram	Aligned reads	13872744366	WGS	False
MOHD_EG100007	MOHD_EG100007_align_GRCh38_v0.cram	Aligned reads	11263551733	WGS	False
MOHD_EG100007	MOHD_EG100007_reblock-gvcf_GRCh38_v0.vcf.gz	Reblocked gVCF	829811589	WGS	False
MOHD_EG100007	MOHD_EG100007_R1.fastq.gz	Sequenced reads	28454158336	WGS	False
MOHD_EG100007	MOHD_EG100007_R2.fastq.gz	Sequenced reads	28507845427	WGS	False
MOHD_EG100008	MOHD_EG100008_align_GRCh38_v0.cram	Aligned reads	15161234554	WGS	False
MOHD_EG100008	MOHD_EG100008_R2.fastq.gz	Sequenced reads	38246683770	WGS	False
MOHD_EG100008	MOHD_EG100008_R1.fastq.gz	Sequenced reads	38150047006	WGS	False
MOHD_EG100008	MOHD_EG100008_reblock-gvcf_GRCh38_v0.vcf.gz	Reblocked gVCF	701591715	WGS	False
MOHD_EG100009	MOHD_EG100009_R1.fastq.gz	Sequenced reads	32770600468	WGS	False
MOHD_EG100009	MOHD_EG100009_align_GRCh38_v0.cram	Aligned reads	13164074762	WGS	False
MOHD_EG100009	MOHD_EG100009_R2.fastq.gz	Sequenced reads	33039035924	WGS	False
MOHD_EG100009	MOHD_EG100009_reblock-gvcf_GRCh38_v0.vcf.gz	Reblocked gVCF	759231938	WGS	False
MOHD_EG100010	MOHD_EG100010_R1.fastq.gz	Sequenced reads	35261681500	WGS	False
MOHD_EG100010	MOHD_EG100010_R2.fastq.gz	Sequenced reads	35390530519	WGS	False
MOHD_EG100010	MOHD_EG100010_align_GRCh38_v0.cram	Aligned reads	13743895347	WGS	False
MOHD_EG100010	MOHD_EG100010_reblock-gvcf_GRCh38_v0.vcf.gz	Reblocked gVCF	723978813	WGS	False
MOHD_EG100011	MOHD_EG100011_reblock-gvcf_GRCh38_v0.vcf.gz	Reblocked gVCF	958880808	WGS	False
MOHD_EG100011	MOHD_EG100011_R1.fastq.gz	Sequenced reads	25651692175	WGS	False
MOHD_EG100011	MOHD_EG100011_R2.fastq.gz	Sequenced reads	25673167011	WGS	False
MOHD_EG100011	MOHD_EG100011_align_GRCh38_v0.cram	Aligned reads	9846212526	WGS	False
MOHD_EG100012	MOHD_EG100012_reblock-gvcf_GRCh38_v0.vcf.gz	Reblocked gVCF	720508026	WGS	False
MOHD_EG100012	MOHD_EG100012_R2.fastq.gz	Sequenced reads	38321845698	WGS	False
MOHD_EG100012	MOHD_EG100012_R1.fastq.gz	Sequenced reads	38182259261	WGS	False
MOHD_EG100012	MOHD_EG100012_align_GRCh38_v0.cram	Aligned reads	14914273935	WGS	False
MOHD_EG100013	MOHD_EG100013_reblock-gvcf_GRCh38_v0.vcf.gz	Reblocked gVCF	867067494	WGS	False
MOHD_EG100013	MOHD_EG100013_align_GRCh38_v0.cram	Aligned reads	12348030976	WGS	False
MOHD_EG100013	MOHD_EG100013_R1.fastq.gz	Sequenced reads	34456375132	WGS	False
MOHD_EG100013	MOHD_EG100013_R2.fastq.gz	Sequenced reads	34391950622	WGS	False
MOHD_EG100014	MOHD_EG100014_reblock-gvcf_GRCh38_v0.vcf.gz	Reblocked gVCF	812698828	WGS	False
MOHD_EG100014	MOHD_EG100014_align_GRCh38_v0.cram	Aligned reads	16675210526	WGS	False
MOHD_EG100014	MOHD_EG100014_R1.fastq.gz	Sequenced reads	44356274749	WGS	False
MOHD_EG100014	MOHD_EG100014_R2.fastq.gz	Sequenced reads	44184476057	WGS	False
MOHD_EG100015	MOHD_EG100015_align_GRCh38_v0.cram	Aligned reads	11220602060	WGS	False
MOHD_EG100015	MOHD_EG100015_R2.fastq.gz	Sequenced reads	31514322534	WGS	False
MOHD_EG100015	MOHD_EG100015_R1.fastq.gz	Sequenced reads	31353261260	WGS	False
MOHD_EG100015	MOHD_EG100015_reblock-gvcf_GRCh38_v0.vcf.gz	Reblocked gVCF	774331432	WGS	False
